Sample,Time,Decoder,Ann Row,Ann Class,Value,
2228677,22.287 ms,USB packet,Packets,Packet: SOF,SOF 1258,
2328678,23.287 ms,USB packet,Packets,Packet: SOF,SOF 1259,
2428678,24.287 ms,USB packet,Packets,Packet: SOF,SOF 1260,
2528672,25.287 ms,USB packet,Packets,Packet: SOF,SOF 1261,
2628676,26.287 ms,USB packet,Packets,Packet: SOF,SOF 1262,
2728677,27.287 ms,USB packet,Packets,Packet: SOF,SOF 1263,
2828677,28.287 ms,USB packet,Packets,Packet: SOF,SOF 1264,
2928678,29.287 ms,USB packet,Packets,Packet: SOF,SOF 1265,
3028672,30.287 ms,USB packet,Packets,Packet: SOF,SOF 1266,
3128676,31.287 ms,USB packet,Packets,Packet: SOF,SOF 1267,
3228676,32.287 ms,USB packet,Packets,Packet: SOF,SOF 1268,
3328677,33.287 ms,USB packet,Packets,Packet: SOF,SOF 1269,
3428678,34.287 ms,USB packet,Packets,Packet: SOF,SOF 1270,
3528678,35.287 ms,USB packet,Packets,Packet: SOF,SOF 1271,
3628672,36.287 ms,USB packet,Packets,Packet: SOF,SOF 1272,
3728676,37.287 ms,USB packet,Packets,Packet: SOF,SOF 1273,
3828677,38.287 ms,USB packet,Packets,Packet: SOF,SOF 1274,
3928677,39.287 ms,USB packet,Packets,Packet: SOF,SOF 1275,
4028678,40.287 ms,USB packet,Packets,Packet: SOF,SOF 1276,
4128678,41.287 ms,USB packet,Packets,Packet: SOF,SOF 1277,
4228672,42.287 ms,USB packet,Packets,Packet: SOF,SOF 1278,
4328676,43.287 ms,USB packet,Packets,Packet: SOF,SOF 1279,
4428677,44.287 ms,USB packet,Packets,Packet: SOF,SOF 1280,
4528678,45.287 ms,USB packet,Packets,Packet: SOF,SOF 1281,
4628678,46.287 ms,USB packet,Packets,Packet: SOF,SOF 1282,
4728679,47.287 ms,USB packet,Packets,Packet: SOF,SOF 1283,
4828673,48.287 ms,USB packet,Packets,Packet: SOF,SOF 1284,
4928677,49.287 ms,USB packet,Packets,Packet: SOF,SOF 1285,
5028677,50.287 ms,USB packet,Packets,Packet: SOF,SOF 1286,
5128678,51.287 ms,USB packet,Packets,Packet: SOF,SOF 1287,
5228679,52.287 ms,USB packet,Packets,Packet: SOF,SOF 1288,
5328679,53.287 ms,USB packet,Packets,Packet: SOF,SOF 1289,
5428673,54.287 ms,USB packet,Packets,Packet: SOF,SOF 1290,
5528677,55.287 ms,USB packet,Packets,Packet: SOF,SOF 1291,
5628678,56.287 ms,USB packet,Packets,Packet: SOF,SOF 1292,
5704920,57.049 ms,USB request,USB SETUP,Setup: Device-to-host,SETUP in: [ 80 06 00 01 00 00 40 00 ][ 12 01 01 02 EF 02 01 40 83 04 9D FF 00 02 01 02 03 01 ] : ACK,
5704920,57.049 ms,USB packet,Packets,Packet: SETUP,SETUP ADDR 0 EP 0,
5705245,57.052 ms,USB packet,Packets,Packet: DATA0,DATA0 [ 80 06 00 01 00 00 40 00 ],
5706095,57.061 ms,USB packet,Packets,Packet: ACK,ACK,
5707353,57.074 ms,USB packet,Packets,Packet: IN,IN ADDR 0 EP 0,
5707668,57.077 ms,USB packet,Packets,Packet: DATA1,DATA1 [ 12 01 01 02 EF 02 01 40 83 04 9D FF 00 02 01 02 03 01 ],
5709203,57.092 ms,USB packet,Packets,Packet: ACK,ACK,
5710045,57.100 ms,USB packet,Packets,Packet: OUT,OUT ADDR 0 EP 0,
5710370,57.104 ms,USB packet,Packets,Packet: DATA1,DATA1 [ ],
5710686,57.107 ms,USB packet,Packets,Packet: ACK,ACK,
5728678,57.287 ms,USB packet,Packets,Packet: SOF,SOF 1293,
5729003,57.290 ms,USB request,USB SETUP,Setup: Host-to-device,SETUP out: [ 00 05 2B 00 00 00 00 00 ][ ] : ACK,
5729003,57.290 ms,USB packet,Packets,Packet: SETUP,SETUP ADDR 0 EP 0,
5729328,57.293 ms,USB packet,Packets,Packet: DATA0,DATA0 [ 00 05 2B 00 00 00 00 00 ],
5730185,57.302 ms,USB packet,Packets,Packet: ACK,ACK,
5731345,57.313 ms,USB packet,Packets,Packet: IN,IN ADDR 0 EP 0,
5731660,57.317 ms,USB packet,Packets,Packet: DATA1,DATA1 [ ],
5732003,57.320 ms,USB packet,Packets,Packet: ACK,ACK,
5828679,58.287 ms,USB packet,Packets,Packet: SOF,SOF 1294,
5928673,59.287 ms,USB packet,Packets,Packet: SOF,SOF 1295,
6028677,60.287 ms,USB packet,Packets,Packet: SOF,SOF 1296,
6128677,61.287 ms,USB packet,Packets,Packet: SOF,SOF 1297,
6228678,62.287 ms,USB packet,Packets,Packet: SOF,SOF 1298,
6328679,63.287 ms,USB packet,Packets,Packet: SOF,SOF 1299,
6428679,64.287 ms,USB packet,Packets,Packet: SOF,SOF 1300,
6528673,65.287 ms,USB packet,Packets,Packet: SOF,SOF 1301,
6628677,66.287 ms,USB packet,Packets,Packet: SOF,SOF 1302,
6728678,67.287 ms,USB packet,Packets,Packet: SOF,SOF 1303,
6746359,67.464 ms,USB request,USB SETUP,Setup: Device-to-host,SETUP in: [ 80 06 00 01 00 00 12 00 ][ 12 01 01 02 EF 02 01 40 83 04 9D FF 00 02 01 02 03 01 ] : ACK,
6746359,67.464 ms,USB packet,Packets,Packet: SETUP,SETUP ADDR 43 EP 0,
6746684,67.467 ms,USB packet,Packets,Packet: DATA0,DATA0 [ 80 06 00 01 00 00 12 00 ],
6747535,67.475 ms,USB packet,Packets,Packet: ACK,ACK,
6748801,67.488 ms,USB packet,Packets,Packet: IN,IN ADDR 43 EP 0,
6749117,67.491 ms,USB packet,Packets,Packet: DATA1,DATA1 [ 12 01 01 02 EF 02 01 40 83 04 9D FF 00 02 01 02 03 01 ],
6750659,67.507 ms,USB packet,Packets,Packet: ACK,ACK,
6751459,67.515 ms,USB packet,Packets,Packet: OUT,OUT ADDR 43 EP 0,
6751784,67.518 ms,USB packet,Packets,Packet: DATA1,DATA1 [ ],
6752101,67.521 ms,USB packet,Packets,Packet: ACK,ACK,
6828678,68.287 ms,USB packet,Packets,Packet: SOF,SOF 1304,
6928679,69.287 ms,USB packet,Packets,Packet: SOF,SOF 1305,
6929002,69.290 ms,USB request,USB SETUP,Setup: Device-to-host,SETUP in: [ 80 06 00 02 00 00 FF 00 ][ 09 02 98 00 04 01 04 80 32 09 04 00 00 00 01 01 00 07 09 24 01 00 01 09 00 01 01 09 04 01 00 02 01 03 00 07 07 24 01 00 01 32 00 06 24 02 01 01 00 09 24 03 01 02 01 01 01 00 09 05 01 02 40 00 00 00 00 05 25 01 01 01 09 05 81 02 40 00 00 00 00 05 25 01 01 02 08 0B 02 02 02 02 01 06 09 04 02 00 01 02 02 01 06 05 24 00 10 01 05 24 01 00 01 04 24 02 02 05 24 06 00 01 07 05 83 03 08 00 10 09 04 03 00 02 0A 00 00 00 07 05 02 02 40 00 00 07 05 82 02 40 00 00 ] : ACK,
6929002,69.290 ms,USB packet,Packets,Packet: SETUP,SETUP ADDR 43 EP 0,
6929327,69.293 ms,USB packet,Packets,Packet: DATA0,DATA0 [ 80 06 00 02 00 00 FF 00 ],
6930184,69.302 ms,USB packet,Packets,Packet: ACK,ACK,
6932502,69.325 ms,USB packet,Packets,Packet: IN,IN ADDR 43 EP 0,
6932818,69.328 ms,USB packet,Packets,Packet: DATA1,DATA1 [ 09 02 98 00 04 01 04 80 32 09 04 00 00 00 01 01 00 07 09 24 01 00 01 09 00 01 01 09 04 01 00 02 01 03 00 07 07 24 01 00 01 32 00 06 24 02 01 01 00 09 24 03 01 02 01 01 01 00 09 05 01 02 40 00 ],
6937394,69.374 ms,USB packet,Packets,Packet: ACK,ACK,
6939427,69.394 ms,USB packet,Packets,Packet: IN,IN ADDR 43 EP 0,
6939742,69.397 ms,USB packet,Packets,Packet: DATA0,DATA0 [ 00 00 00 05 25 01 01 01 09 05 81 02 40 00 00 00 00 05 25 01 01 02 08 0B 02 02 02 02 01 06 09 04 02 00 01 02 02 01 06 05 24 00 10 01 05 24 01 00 01 04 24 02 02 05 24 06 00 01 07 05 83 03 08 00 ],
6944319,69.443 ms,USB packet,Packets,Packet: ACK,ACK,
6946311,69.463 ms,USB packet,Packets,Packet: IN,IN ADDR 43 EP 0,
6946626,69.466 ms,USB packet,Packets,Packet: DATA1,DATA1 [ 10 09 04 03 00 02 0A 00 00 00 07 05 02 02 40 00 00 07 05 82 02 40 00 00 ],
6948552,69.486 ms,USB packet,Packets,Packet: ACK,ACK,
6951111,69.511 ms,USB packet,Packets,Packet: OUT,OUT ADDR 43 EP 0,
6951436,69.514 ms,USB packet,Packets,Packet: DATA1,DATA1 [ ],
6951753,69.518 ms,USB packet,Packets,Packet: ACK,ACK,
6957711,69.577 ms,USB request,USB SETUP,Setup: Device-to-host,SETUP in: [ 80 06 00 0F 00 00 FF 00 ][ 05 0F 0C 00 01 07 10 02 02 00 00 00 ] : ACK,
6957711,69.577 ms,USB packet,Packets,Packet: SETUP,SETUP ADDR 43 EP 0,
6958036,69.580 ms,USB packet,Packets,Packet: DATA0,DATA0 [ 80 06 00 0F 00 00 FF 00 ],
6958893,69.589 ms,USB packet,Packets,Packet: ACK,ACK,
6960152,69.602 ms,USB packet,Packets,Packet: IN,IN ADDR 43 EP 0,
6960467,69.605 ms,USB packet,Packets,Packet: DATA1,DATA1 [ 05 0F 0C 00 01 07 10 02 02 00 00 00 ],
6961602,69.616 ms,USB packet,Packets,Packet: ACK,ACK,
6962836,69.628 ms,USB packet,Packets,Packet: OUT,OUT ADDR 43 EP 0,
6963161,69.632 ms,USB packet,Packets,Packet: DATA1,DATA1 [ ],
6963477,69.635 ms,USB packet,Packets,Packet: ACK,ACK,
6969919,69.699 ms,USB request,USB SETUP,Setup: Device-to-host,SETUP in: [ 80 06 03 03 09 04 FF 00 ][ 32 03 30 00 30 00 33 00 63 00 30 00 30 00 35 00 61 00 33 00 32 00 33 00 32 00 35 00 31 00 30 00 37 00 33 00 30 00 33 00 31 00 33 00 36 00 33 00 37 00 ] : ACK,
6969919,69.699 ms,USB packet,Packets,Packet: SETUP,SETUP ADDR 43 EP 0,
6970244,69.702 ms,USB packet,Packets,Packet: DATA0,DATA0 [ 80 06 03 03 09 04 FF 00 ],
6971101,69.711 ms,USB packet,Packets,Packet: ACK,ACK,
6972352,69.724 ms,USB packet,Packets,Packet: IN,IN ADDR 43 EP 0,
6972669,69.727 ms,USB packet,Packets,Packet: NAK,NAK,
6976819,69.768 ms,USB packet,Packets,Packet: IN,IN ADDR 43 EP 0,
6977135,69.771 ms,USB packet,Packets,Packet: DATA1,DATA1 [ 32 03 30 00 30 00 33 00 63 00 30 00 30 00 35 00 61 00 33 00 32 00 33 00 32 00 35 00 31 00 30 00 37 00 33 00 30 00 33 00 31 00 33 00 36 00 33 00 37 00 ],
6980786,69.808 ms,USB packet,Packets,Packet: ACK,ACK,
6981677,69.817 ms,USB packet,Packets,Packet: OUT,OUT ADDR 43 EP 0,
6982002,69.820 ms,USB packet,Packets,Packet: DATA1,DATA1 [ ],
6982318,69.823 ms,USB packet,Packets,Packet: ACK,ACK,
6988069,69.881 ms,USB request,USB SETUP,Setup: Device-to-host,SETUP in: [ 80 06 00 03 00 00 FF 00 ][ 04 03 09 04 ] : ACK,
6988069,69.881 ms,USB packet,Packets,Packet: SETUP,SETUP ADDR 43 EP 0,
6988394,69.884 ms,USB packet,Packets,Packet: DATA0,DATA0 [ 80 06 00 03 00 00 FF 00 ],
6989252,69.893 ms,USB packet,Packets,Packet: ACK,ACK,
6990511,69.905 ms,USB packet,Packets,Packet: IN,IN ADDR 43 EP 0,
6990826,69.908 ms,USB packet,Packets,Packet: DATA1,DATA1 [ 04 03 09 04 ],
6991427,69.914 ms,USB packet,Packets,Packet: ACK,ACK,
6993177,69.932 ms,USB packet,Packets,Packet: OUT,OUT ADDR 43 EP 0,
6993502,69.935 ms,USB packet,Packets,Packet: DATA1,DATA1 [ ],
6993820,69.938 ms,USB packet,Packets,Packet: ACK,ACK,
6999561,69.996 ms,USB request,USB SETUP,Setup: Device-to-host,SETUP in: [ 80 06 02 03 09 04 FF 00 ][ 22 03 4D 00 6F 00 75 00 6E 00 74 00 6A 00 6F 00 79 00 20 00 51 00 75 00 61 00 64 00 4D 00 6F 00 64 00 ] : ACK,
6999561,69.996 ms,USB packet,Packets,Packet: SETUP,SETUP ADDR 43 EP 0,
6999886,69.999 ms,USB packet,Packets,Packet: DATA0,DATA0 [ 80 06 02 03 09 04 FF 00 ],
7000743,70.007 ms,USB packet,Packets,Packet: ACK,ACK,
7001994,70.020 ms,USB packet,Packets,Packet: IN,IN ADDR 43 EP 0,
7002310,70.023 ms,USB packet,Packets,Packet: DATA1,DATA1 [ 22 03 4D 00 6F 00 75 00 6E 00 74 00 6A 00 6F 00 79 00 20 00 51 00 75 00 61 00 64 00 4D 00 6F 00 64 00 ],
7004903,70.049 ms,USB packet,Packets,Packet: ACK,ACK,
7006886,70.069 ms,USB packet,Packets,Packet: OUT,OUT ADDR 43 EP 0,
7007211,70.072 ms,USB packet,Packets,Packet: DATA1,DATA1 [ ],
7007528,70.075 ms,USB packet,Packets,Packet: ACK,ACK,
7012994,70.130 ms,USB request,USB SETUP,Setup: Device-to-host,SETUP in: [ 80 06 00 06 00 00 0A 00 ][ ] : STALL,
7012994,70.130 ms,USB packet,Packets,Packet: SETUP,SETUP ADDR 43 EP 0,
7013319,70.133 ms,USB packet,Packets,Packet: DATA0,DATA0 [ 80 06 00 06 00 00 0A 00 ],
7014170,70.142 ms,USB packet,Packets,Packet: ACK,ACK,
7015503,70.155 ms,USB packet,Packets,Packet: IN,IN ADDR 43 EP 0,
7015818,70.158 ms,USB packet,Packets,Packet: STALL,STALL,
7028679,70.287 ms,USB packet,Packets,Packet: SOF,SOF 1306,
7128673,71.287 ms,USB packet,Packets,Packet: SOF,SOF 1307,
7228677,72.287 ms,USB packet,Packets,Packet: SOF,SOF 1308,
7328678,73.287 ms,USB packet,Packets,Packet: SOF,SOF 1309,
7428679,74.287 ms,USB packet,Packets,Packet: SOF,SOF 1310,
7428997,74.290 ms,USB request,USB SETUP,Setup: Host-to-device,SETUP out: [ 00 09 01 00 00 00 00 00 ][ ] : ACK,
7428997,74.290 ms,USB packet,Packets,Packet: SETUP,SETUP ADDR 43 EP 0,
7429322,74.293 ms,USB packet,Packets,Packet: DATA0,DATA0 [ 00 09 01 00 00 00 00 00 ],
7430172,74.302 ms,USB packet,Packets,Packet: ACK,ACK,
7431888,74.319 ms,USB packet,Packets,Packet: IN,IN ADDR 43 EP 0,
7432203,74.322 ms,USB packet,Packets,Packet: DATA1,DATA1 [ ],
7432547,74.325 ms,USB packet,Packets,Packet: ACK,ACK,
7528679,75.287 ms,USB packet,Packets,Packet: SOF,SOF 1311,
7541431,75.414 ms,USB request,USB SETUP,Setup: Device-to-host,SETUP in: [ 80 06 07 03 09 04 04 00 ][ 2C 03 4D 00 ] : ACK,
7541431,75.414 ms,USB packet,Packets,Packet: SETUP,SETUP ADDR 43 EP 0,
7541756,75.418 ms,USB packet,Packets,Packet: DATA0,DATA0 [ 80 06 07 03 09 04 04 00 ],
7542605,75.426 ms,USB packet,Packets,Packet: ACK,ACK,
7543881,75.439 ms,USB packet,Packets,Packet: IN,IN ADDR 43 EP 0,
7544196,75.442 ms,USB packet,Packets,Packet: DATA1,DATA1 [ 2C 03 4D 00 ],
7544797,75.448 ms,USB packet,Packets,Packet: ACK,ACK,
7546514,75.465 ms,USB packet,Packets,Packet: OUT,OUT ADDR 43 EP 0,
7546839,75.468 ms,USB packet,Packets,Packet: DATA1,DATA1 [ ],
7547156,75.472 ms,USB packet,Packets,Packet: ACK,ACK,
7554023,75.540 ms,USB request,USB SETUP,Setup: Device-to-host,SETUP in: [ 80 06 07 03 09 04 2C 00 ][ 2C 03 4D 00 6F 00 75 00 6E 00 74 00 6A 00 6F 00 79 00 20 00 51 00 75 00 61 00 64 00 4D 00 6F 00 64 00 20 00 4D 00 49 00 44 00 49 00 ] : ACK,
7554023,75.540 ms,USB packet,Packets,Packet: SETUP,SETUP ADDR 43 EP 0,
7554348,75.543 ms,USB packet,Packets,Packet: DATA0,DATA0 [ 80 06 07 03 09 04 2C 00 ],
7555198,75.552 ms,USB packet,Packets,Packet: ACK,ACK,
7556464,75.565 ms,USB packet,Packets,Packet: IN,IN ADDR 43 EP 0,
7556780,75.568 ms,USB packet,Packets,Packet: DATA1,DATA1 [ 2C 03 4D 00 6F 00 75 00 6E 00 74 00 6A 00 6F 00 79 00 20 00 51 00 75 00 61 00 64 00 4D 00 6F 00 64 00 20 00 4D 00 49 00 44 00 49 00 ],
7560039,75.600 ms,USB packet,Packets,Packet: ACK,ACK,
7561331,75.613 ms,USB packet,Packets,Packet: OUT,OUT ADDR 43 EP 0,
7561656,75.617 ms,USB packet,Packets,Packet: DATA1,DATA1 [ ],
7561973,75.620 ms,USB packet,Packets,Packet: ACK,ACK,
7628680,76.287 ms,USB packet,Packets,Packet: SOF,SOF 1312,
7728674,77.287 ms,USB packet,Packets,Packet: SOF,SOF 1313,
7763457,77.635 ms,USB request,USB SETUP,Setup: Device-to-host,SETUP in: [ 80 06 06 03 09 04 04 00 ][ 2A 03 4D 00 ] : ACK,
7763457,77.635 ms,USB packet,Packets,Packet: SETUP,SETUP ADDR 43 EP 0,
7763782,77.638 ms,USB packet,Packets,Packet: DATA0,DATA0 [ 80 06 06 03 09 04 04 00 ],
7764640,77.646 ms,USB packet,Packets,Packet: ACK,ACK,
7766382,77.664 ms,USB packet,Packets,Packet: IN,IN ADDR 43 EP 0,
7766698,77.667 ms,USB packet,Packets,Packet: DATA1,DATA1 [ 2A 03 4D 00 ],
7767299,77.673 ms,USB packet,Packets,Packet: ACK,ACK,
7769041,77.690 ms,USB packet,Packets,Packet: OUT,OUT ADDR 43 EP 0,
7769365,77.694 ms,USB packet,Packets,Packet: DATA1,DATA1 [ ],
7769683,77.697 ms,USB packet,Packets,Packet: ACK,ACK,
7775991,77.760 ms,USB request,USB SETUP,Setup: Device-to-host,SETUP in: [ 80 06 06 03 09 04 2A 00 ][ 2A 03 4D 00 6F 00 75 00 6E 00 74 00 6A 00 6F 00 79 00 20 00 51 00 75 00 61 00 64 00 4D 00 6F 00 64 00 20 00 43 00 44 00 43 00 ] : ACK,
7775991,77.760 ms,USB packet,Packets,Packet: SETUP,SETUP ADDR 43 EP 0,
7776316,77.763 ms,USB packet,Packets,Packet: DATA0,DATA0 [ 80 06 06 03 09 04 2A 00 ],
7777172,77.772 ms,USB packet,Packets,Packet: ACK,ACK,
7778882,77.789 ms,USB packet,Packets,Packet: IN,IN ADDR 43 EP 0,
7779197,77.792 ms,USB packet,Packets,Packet: DATA1,DATA1 [ 2A 03 4D 00 6F 00 75 00 6E 00 74 00 6A 00 6F 00 79 00 20 00 51 00 75 00 61 00 64 00 4D 00 6F 00 64 00 20 00 43 00 44 00 43 00 ],
7782316,77.823 ms,USB packet,Packets,Packet: ACK,ACK,
7783866,77.839 ms,USB packet,Packets,Packet: OUT,OUT ADDR 43 EP 0,
7784191,77.842 ms,USB packet,Packets,Packet: DATA1,DATA1 [ ],
7784506,77.845 ms,USB packet,Packets,Packet: ACK,ACK,
7828678,78.287 ms,USB packet,Packets,Packet: SOF,SOF 1314,
7928678,79.287 ms,USB packet,Packets,Packet: SOF,SOF 1315,
7974883,79.749 ms,USB request,USB SETUP,Setup: Device-to-host,SETUP in: [ 80 06 00 03 00 00 FF 00 ][ 04 03 09 04 ] : ACK,
7974883,79.749 ms,USB packet,Packets,Packet: SETUP,SETUP ADDR 43 EP 0,
7975208,79.752 ms,USB packet,Packets,Packet: DATA0,DATA0 [ 80 06 00 03 00 00 FF 00 ],
7976067,79.761 ms,USB packet,Packets,Packet: ACK,ACK,
7977325,79.773 ms,USB packet,Packets,Packet: IN,IN ADDR 43 EP 0,
7977641,79.776 ms,USB packet,Packets,Packet: DATA1,DATA1 [ 04 03 09 04 ],
7978242,79.782 ms,USB packet,Packets,Packet: ACK,ACK,
7980067,79.801 ms,USB packet,Packets,Packet: OUT,OUT ADDR 43 EP 0,
7980392,79.804 ms,USB packet,Packets,Packet: DATA1,DATA1 [ ],
7980709,79.807 ms,USB packet,Packets,Packet: ACK,ACK,
7987342,79.873 ms,USB request,USB SETUP,Setup: Device-to-host,SETUP in: [ 80 06 07 03 09 04 04 00 ][ 2C 03 4D 00 ] : ACK,
7987342,79.873 ms,USB packet,Packets,Packet: SETUP,SETUP ADDR 43 EP 0,
7987667,79.877 ms,USB packet,Packets,Packet: DATA0,DATA0 [ 80 06 07 03 09 04 04 00 ],
7988516,79.885 ms,USB packet,Packets,Packet: ACK,ACK,
7989809,79.898 ms,USB packet,Packets,Packet: IN,IN ADDR 43 EP 0,
7990123,79.901 ms,USB packet,Packets,Packet: DATA1,DATA1 [ 2C 03 4D 00 ],
7990725,79.907 ms,USB packet,Packets,Packet: ACK,ACK,
7992567,79.926 ms,USB packet,Packets,Packet: OUT,OUT ADDR 43 EP 0,
7992892,79.929 ms,USB packet,Packets,Packet: DATA1,DATA1 [ ],
7993208,79.932 ms,USB packet,Packets,Packet: ACK,ACK,
7998642,79.986 ms,USB request,USB SETUP,Setup: Device-to-host,SETUP in: [ 80 06 00 03 00 00 FF 00 ][ 04 03 09 04 ] : ACK,
7998642,79.986 ms,USB packet,Packets,Packet: SETUP,SETUP ADDR 43 EP 0,
7998967,79.990 ms,USB packet,Packets,Packet: DATA0,DATA0 [ 80 06 00 03 00 00 FF 00 ],
7999824,79.998 ms,USB packet,Packets,Packet: ACK,ACK,
8001092,80.011 ms,USB packet,Packets,Packet: IN,IN ADDR 43 EP 0,
8001408,80.014 ms,USB packet,Packets,Packet: DATA1,DATA1 [ 04 03 09 04 ],
8002017,80.020 ms,USB packet,Packets,Packet: ACK,ACK,
8004434,80.044 ms,USB packet,Packets,Packet: OUT,OUT ADDR 43 EP 0,
8004759,80.048 ms,USB packet,Packets,Packet: DATA1,DATA1 [ ],
8005076,80.051 ms,USB packet,Packets,Packet: ACK,ACK,
8010875,80.109 ms,USB request,USB SETUP,Setup: Device-to-host,SETUP in: [ 80 06 07 03 09 04 2C 00 ][ 2C 03 4D 00 6F 00 75 00 6E 00 74 00 6A 00 6F 00 79 00 20 00 51 00 75 00 61 00 64 00 4D 00 6F 00 64 00 20 00 4D 00 49 00 44 00 49 00 ] : ACK,
8010875,80.109 ms,USB packet,Packets,Packet: SETUP,SETUP ADDR 43 EP 0,
8011200,80.112 ms,USB packet,Packets,Packet: DATA0,DATA0 [ 80 06 07 03 09 04 2C 00 ],
8012050,80.120 ms,USB packet,Packets,Packet: ACK,ACK,
8013325,80.133 ms,USB packet,Packets,Packet: IN,IN ADDR 43 EP 0,
8013641,80.136 ms,USB packet,Packets,Packet: DATA1,DATA1 [ 2C 03 4D 00 6F 00 75 00 6E 00 74 00 6A 00 6F 00 79 00 20 00 51 00 75 00 61 00 64 00 4D 00 6F 00 64 00 20 00 4D 00 49 00 44 00 49 00 ],
8016900,80.169 ms,USB packet,Packets,Packet: ACK,ACK,
8018234,80.182 ms,USB packet,Packets,Packet: OUT,OUT ADDR 43 EP 0,
8018559,80.186 ms,USB packet,Packets,Packet: DATA1,DATA1 [ ],
8018876,80.189 ms,USB packet,Packets,Packet: ACK,ACK,
8028679,80.287 ms,USB packet,Packets,Packet: SOF,SOF 1316,
8029000,80.290 ms,USB request,USB SETUP,Setup: Device-to-host,SETUP in: [ 80 06 00 03 00 00 FF 00 ][ 04 03 09 04 ] : ACK,
8029000,80.290 ms,USB packet,Packets,Packet: SETUP,SETUP ADDR 43 EP 0,
8029325,80.293 ms,USB packet,Packets,Packet: DATA0,DATA0 [ 80 06 00 03 00 00 FF 00 ],
8030183,80.302 ms,USB packet,Packets,Packet: ACK,ACK,
8031634,80.316 ms,USB packet,Packets,Packet: IN,IN ADDR 43 EP 0,
8031950,80.320 ms,USB packet,Packets,Packet: DATA1,DATA1 [ 04 03 09 04 ],
8032550,80.325 ms,USB packet,Packets,Packet: ACK,ACK,
8034325,80.343 ms,USB packet,Packets,Packet: OUT,OUT ADDR 43 EP 0,
8034650,80.347 ms,USB packet,Packets,Packet: DATA1,DATA1 [ ],
8034967,80.350 ms,USB packet,Packets,Packet: ACK,ACK,
8042159,80.422 ms,USB request,USB SETUP,Setup: Device-to-host,SETUP in: [ 80 06 00 03 00 00 FF 00 ][ 04 03 09 04 ] : ACK,
8042159,80.422 ms,USB packet,Packets,Packet: SETUP,SETUP ADDR 43 EP 0,
8042484,80.425 ms,USB packet,Packets,Packet: DATA0,DATA0 [ 80 06 00 03 00 00 FF 00 ],
8043341,80.433 ms,USB packet,Packets,Packet: ACK,ACK,
8044601,80.446 ms,USB packet,Packets,Packet: IN,IN ADDR 43 EP 0,
8044916,80.449 ms,USB packet,Packets,Packet: DATA1,DATA1 [ 04 03 09 04 ],
8045517,80.455 ms,USB packet,Packets,Packet: ACK,ACK,
8047301,80.473 ms,USB packet,Packets,Packet: OUT,OUT ADDR 43 EP 0,
8047626,80.476 ms,USB packet,Packets,Packet: DATA1,DATA1 [ ],
8047942,80.479 ms,USB packet,Packets,Packet: ACK,ACK,
8108101,81.081 ms,USB request,USB SETUP,Setup: Device-to-host,SETUP in: [ 80 06 01 03 09 04 FF 00 ][ 22 03 4D 00 6F 00 75 00 6E 00 74 00 6A 00 6F 00 79 00 20 00 4D 00 6F 00 64 00 75 00 6C 00 61 00 72 00 ] : ACK,
8108101,81.081 ms,USB packet,Packets,Packet: SETUP,SETUP ADDR 43 EP 0,
8108426,81.084 ms,USB packet,Packets,Packet: DATA0,DATA0 [ 80 06 01 03 09 04 FF 00 ],
8109283,81.093 ms,USB packet,Packets,Packet: ACK,ACK,
8110543,81.105 ms,USB packet,Packets,Packet: IN,IN ADDR 43 EP 0,
8110858,81.109 ms,USB packet,Packets,Packet: DATA1,DATA1 [ 22 03 4D 00 6F 00 75 00 6E 00 74 00 6A 00 6F 00 79 00 20 00 4D 00 6F 00 64 00 75 00 6C 00 61 00 72 00 ],
8113451,81.135 ms,USB packet,Packets,Packet: ACK,ACK,
8113684,81.137 ms,USB packet,Packets,Packet: IN,IN ADDR 43 EP 1,
8114000,81.140 ms,USB packet,Packets,Packet: NAK,NAK,
8115618,81.156 ms,USB packet,Packets,Packet: OUT,OUT ADDR 43 EP 0,
8115943,81.159 ms,USB packet,Packets,Packet: DATA1,DATA1 [ ],
8116259,81.163 ms,USB packet,Packets,Packet: ACK,ACK,
8116784,81.168 ms,USB packet,Packets,Packet: IN,IN ADDR 43 EP 1,
8117101,81.171 ms,USB packet,Packets,Packet: NAK,NAK,
8120451,81.205 ms,USB request,USB SETUP,Setup: Device-to-host,SETUP in: [ 80 06 01 03 09 04 FF 00 ][ 22 03 4D 00 6F 00 75 00 6E 00 74 00 6A 00 6F 00 79 00 20 00 4D 00 6F 00 64 00 75 00 6C 00 61 00 72 00 ] : ACK,
8120451,81.205 ms,USB packet,Packets,Packet: SETUP,SETUP ADDR 43 EP 0,
8120776,81.208 ms,USB packet,Packets,Packet: DATA0,DATA0 [ 80 06 01 03 09 04 FF 00 ],
8121633,81.216 ms,USB packet,Packets,Packet: ACK,ACK,
8121901,81.219 ms,USB packet,Packets,Packet: IN,IN ADDR 43 EP 1,
8122216,81.222 ms,USB packet,Packets,Packet: NAK,NAK,
8128680,81.287 ms,USB packet,Packets,Packet: SOF,SOF 1317,
8129001,81.290 ms,USB packet,Packets,Packet: IN,IN ADDR 43 EP 0,
8129316,81.293 ms,USB packet,Packets,Packet: DATA1,DATA1 [ 22 03 4D 00 6F 00 75 00 6E 00 74 00 6A 00 6F 00 79 00 20 00 4D 00 6F 00 64 00 75 00 6C 00 61 00 72 00 ],
8131909,81.319 ms,USB packet,Packets,Packet: ACK,ACK,
8132143,81.321 ms,USB packet,Packets,Packet: IN,IN ADDR 43 EP 1,
8132459,81.325 ms,USB packet,Packets,Packet: NAK,NAK,
8134568,81.346 ms,USB packet,Packets,Packet: OUT,OUT ADDR 43 EP 0,
8134893,81.349 ms,USB packet,Packets,Packet: DATA1,DATA1 [ ],
8135210,81.352 ms,USB packet,Packets,Packet: ACK,ACK,
8136984,81.370 ms,USB packet,Packets,Packet: IN,IN ADDR 43 EP 1,
8137300,81.373 ms,USB packet,Packets,Packet: NAK,NAK,
8142034,81.420 ms,USB request,USB SETUP,Setup: Device-to-host,SETUP in: [ 80 06 01 03 09 04 FF 00 ][ 22 03 4D 00 6F 00 75 00 6E 00 74 00 6A 00 6F 00 79 00 20 00 4D 00 6F 00 64 00 75 00 6C 00 61 00 72 00 ] : ACK,
8142034,81.420 ms,USB packet,Packets,Packet: SETUP,SETUP ADDR 43 EP 0,
8142359,81.424 ms,USB packet,Packets,Packet: DATA0,DATA0 [ 80 06 01 03 09 04 FF 00 ],
8143217,81.432 ms,USB packet,Packets,Packet: ACK,ACK,
8143484,81.435 ms,USB packet,Packets,Packet: IN,IN ADDR 43 EP 1,
8143800,81.438 ms,USB packet,Packets,Packet: NAK,NAK,
8144543,81.445 ms,USB packet,Packets,Packet: IN,IN ADDR 43 EP 0,
8144857,81.449 ms,USB packet,Packets,Packet: DATA1,DATA1 [ 22 03 4D 00 6F 00 75 00 6E 00 74 00 6A 00 6F 00 79 00 20 00 4D 00 6F 00 64 00 75 00 6C 00 61 00 72 00 ],
8147451,81.475 ms,USB packet,Packets,Packet: ACK,ACK,
8147684,81.477 ms,USB packet,Packets,Packet: IN,IN ADDR 43 EP 1,
8148000,81.480 ms,USB packet,Packets,Packet: NAK,NAK,
8149568,81.496 ms,USB packet,Packets,Packet: OUT,OUT ADDR 43 EP 0,
8149893,81.499 ms,USB packet,Packets,Packet: DATA1,DATA1 [ ],
8150210,81.502 ms,USB packet,Packets,Packet: ACK,ACK,
8151685,81.517 ms,USB packet,Packets,Packet: IN,IN ADDR 43 EP 1,
8152000,81.520 ms,USB packet,Packets,Packet: NAK,NAK,
8154935,81.549 ms,USB request,USB SETUP,Setup: Device-to-host,SETUP in: [ 80 06 01 03 09 04 FF 00 ][ 22 03 4D 00 6F 00 75 00 6E 00 74 00 6A 00 6F 00 79 00 20 00 4D 00 6F 00 64 00 75 00 6C 00 61 00 72 00 ] : ACK,
8154935,81.549 ms,USB packet,Packets,Packet: SETUP,SETUP ADDR 43 EP 0,
8155260,81.553 ms,USB packet,Packets,Packet: DATA0,DATA0 [ 80 06 01 03 09 04 FF 00 ],
8156117,81.561 ms,USB packet,Packets,Packet: ACK,ACK,
8156385,81.564 ms,USB packet,Packets,Packet: IN,IN ADDR 43 EP 1,
8156701,81.567 ms,USB packet,Packets,Packet: NAK,NAK,
8157443,81.574 ms,USB packet,Packets,Packet: IN,IN ADDR 43 EP 0,
8157758,81.578 ms,USB packet,Packets,Packet: DATA1,DATA1 [ 22 03 4D 00 6F 00 75 00 6E 00 74 00 6A 00 6F 00 79 00 20 00 4D 00 6F 00 64 00 75 00 6C 00 61 00 72 00 ],
8160351,81.604 ms,USB packet,Packets,Packet: ACK,ACK,
8160685,81.607 ms,USB packet,Packets,Packet: IN,IN ADDR 43 EP 1,
8161000,81.610 ms,USB packet,Packets,Packet: NAK,NAK,
8162451,81.625 ms,USB packet,Packets,Packet: OUT,OUT ADDR 43 EP 0,
8162776,81.628 ms,USB packet,Packets,Packet: DATA1,DATA1 [ ],
8163094,81.631 ms,USB packet,Packets,Packet: ACK,ACK,
8165118,81.651 ms,USB packet,Packets,Packet: IN,IN ADDR 43 EP 1,
8165434,81.654 ms,USB packet,Packets,Packet: NAK,NAK,
8169568,81.696 ms,USB request,USB SETUP,Setup: Device-to-host,SETUP in: [ 80 06 02 03 09 04 FF 00 ][ 22 03 4D 00 6F 00 75 00 6E 00 74 00 6A 00 6F 00 79 00 20 00 51 00 75 00 61 00 64 00 4D 00 6F 00 64 00 ] : ACK,
8169568,81.696 ms,USB packet,Packets,Packet: SETUP,SETUP ADDR 43 EP 0,
8169893,81.699 ms,USB packet,Packets,Packet: DATA0,DATA0 [ 80 06 02 03 09 04 FF 00 ],
8170750,81.708 ms,USB packet,Packets,Packet: ACK,ACK,
8171018,81.710 ms,USB packet,Packets,Packet: IN,IN ADDR 43 EP 1,
8171334,81.713 ms,USB packet,Packets,Packet: NAK,NAK,
8172168,81.722 ms,USB packet,Packets,Packet: IN,IN ADDR 43 EP 0,
8172484,81.725 ms,USB packet,Packets,Packet: DATA1,DATA1 [ 22 03 4D 00 6F 00 75 00 6E 00 74 00 6A 00 6F 00 79 00 20 00 51 00 75 00 61 00 64 00 4D 00 6F 00 64 00 ],
8175076,81.751 ms,USB packet,Packets,Packet: ACK,ACK,
8175310,81.753 ms,USB packet,Packets,Packet: IN,IN ADDR 43 EP 1,
8175625,81.756 ms,USB packet,Packets,Packet: NAK,NAK,
8177168,81.772 ms,USB packet,Packets,Packet: OUT,OUT ADDR 43 EP 0,
8177493,81.775 ms,USB packet,Packets,Packet: DATA1,DATA1 [ ],
8177810,81.778 ms,USB packet,Packets,Packet: ACK,ACK,
8181101,81.811 ms,USB packet,Packets,Packet: IN,IN ADDR 43 EP 1,
8181416,81.814 ms,USB packet,Packets,Packet: NAK,NAK,
8184543,81.845 ms,USB request,USB SETUP,Setup: Device-to-host,SETUP in: [ 80 06 02 03 09 04 FF 00 ][ 22 03 4D 00 6F 00 75 00 6E 00 74 00 6A 00 6F 00 79 00 20 00 51 00 75 00 61 00 64 00 4D 00 6F 00 64 00 ] : ACK,
8184543,81.845 ms,USB packet,Packets,Packet: SETUP,SETUP ADDR 43 EP 0,
8184868,81.849 ms,USB packet,Packets,Packet: DATA0,DATA0 [ 80 06 02 03 09 04 FF 00 ],
8185726,81.857 ms,USB packet,Packets,Packet: ACK,ACK,
8185985,81.860 ms,USB packet,Packets,Packet: IN,IN ADDR 43 EP 1,
8186301,81.863 ms,USB packet,Packets,Packet: NAK,NAK,
8187051,81.871 ms,USB packet,Packets,Packet: IN,IN ADDR 43 EP 0,
8187367,81.874 ms,USB packet,Packets,Packet: DATA1,DATA1 [ 22 03 4D 00 6F 00 75 00 6E 00 74 00 6A 00 6F 00 79 00 20 00 51 00 75 00 61 00 64 00 4D 00 6F 00 64 00 ],
8189960,81.900 ms,USB packet,Packets,Packet: ACK,ACK,
8190193,81.902 ms,USB packet,Packets,Packet: IN,IN ADDR 43 EP 1,
8190509,81.905 ms,USB packet,Packets,Packet: NAK,NAK,
8192060,81.921 ms,USB packet,Packets,Packet: OUT,OUT ADDR 43 EP 0,
8192385,81.924 ms,USB packet,Packets,Packet: DATA1,DATA1 [ ],
8192702,81.927 ms,USB packet,Packets,Packet: ACK,ACK,
8194601,81.946 ms,USB packet,Packets,Packet: IN,IN ADDR 43 EP 1,
8194916,81.949 ms,USB packet,Packets,Packet: NAK,NAK,
8199018,81.990 ms,USB packet,Packets,Packet: IN,IN ADDR 43 EP 1,
8199333,81.993 ms,USB packet,Packets,Packet: NAK,NAK,
8200202,82.002 ms,USB request,USB SETUP,Setup: Device-to-host,SETUP in: [ 80 06 02 03 09 04 FF 00 ][ 22 03 4D 00 6F 00 75 00 6E 00 74 00 6A 00 6F 00 79 00 20 00 51 00 75 00 61 00 64 00 4D 00 6F 00 64 00 ] : ACK,
8200202,82.002 ms,USB packet,Packets,Packet: SETUP,SETUP ADDR 43 EP 0,
8200526,82.005 ms,USB packet,Packets,Packet: DATA0,DATA0 [ 80 06 02 03 09 04 FF 00 ],
8201384,82.014 ms,USB packet,Packets,Packet: ACK,ACK,
8202685,82.027 ms,USB packet,Packets,Packet: IN,IN ADDR 43 EP 0,
8202999,82.030 ms,USB packet,Packets,Packet: DATA1,DATA1 [ 22 03 4D 00 6F 00 75 00 6E 00 74 00 6A 00 6F 00 79 00 20 00 51 00 75 00 61 00 64 00 4D 00 6F 00 64 00 ],
8205593,82.056 ms,USB packet,Packets,Packet: ACK,ACK,
8205826,82.058 ms,USB packet,Packets,Packet: IN,IN ADDR 43 EP 1,
8206142,82.061 ms,USB packet,Packets,Packet: NAK,NAK,
8207685,82.077 ms,USB packet,Packets,Packet: OUT,OUT ADDR 43 EP 0,
8208010,82.080 ms,USB packet,Packets,Packet: DATA1,DATA1 [ ],
8208327,82.083 ms,USB packet,Packets,Packet: ACK,ACK,
8208977,82.090 ms,USB packet,Packets,Packet: IN,IN ADDR 43 EP 1,
8209293,82.093 ms,USB packet,Packets,Packet: NAK,NAK,
8213377,82.134 ms,USB packet,Packets,Packet: IN,IN ADDR 43 EP 1,
8213693,82.137 ms,USB packet,Packets,Packet: NAK,NAK,
8215452,82.155 ms,USB request,USB SETUP,Setup: Device-to-host,SETUP in: [ 80 06 02 03 09 04 FF 00 ][ 22 03 4D 00 6F 00 75 00 6E 00 74 00 6A 00 6F 00 79 00 20 00 51 00 75 00 61 00 64 00 4D 00 6F 00 64 00 ] : ACK,
8215452,82.155 ms,USB packet,Packets,Packet: SETUP,SETUP ADDR 43 EP 0,
8215777,82.158 ms,USB packet,Packets,Packet: DATA0,DATA0 [ 80 06 02 03 09 04 FF 00 ],
8216633,82.166 ms,USB packet,Packets,Packet: ACK,ACK,
8218018,82.180 ms,USB packet,Packets,Packet: IN,IN ADDR 43 EP 0,
8218334,82.183 ms,USB packet,Packets,Packet: DATA1,DATA1 [ 22 03 4D 00 6F 00 75 00 6E 00 74 00 6A 00 6F 00 79 00 20 00 51 00 75 00 61 00 64 00 4D 00 6F 00 64 00 ],
8220927,82.209 ms,USB packet,Packets,Packet: ACK,ACK,
8221160,82.212 ms,USB packet,Packets,Packet: IN,IN ADDR 43 EP 1,
8221476,82.215 ms,USB packet,Packets,Packet: NAK,NAK,
8228680,82.287 ms,USB packet,Packets,Packet: SOF,SOF 1318,
8229002,82.290 ms,USB packet,Packets,Packet: OUT,OUT ADDR 43 EP 0,
8229327,82.293 ms,USB packet,Packets,Packet: DATA1,DATA1 [ ],
8229642,82.296 ms,USB packet,Packets,Packet: ACK,ACK,
8229902,82.299 ms,USB packet,Packets,Packet: IN,IN ADDR 43 EP 1,
8230218,82.302 ms,USB packet,Packets,Packet: NAK,NAK,
8233302,82.333 ms,USB packet,Packets,Packet: IN,IN ADDR 43 EP 1,
8233617,82.336 ms,USB packet,Packets,Packet: NAK,NAK,
8237718,82.377 ms,USB packet,Packets,Packet: IN,IN ADDR 43 EP 1,
8238034,82.380 ms,USB packet,Packets,Packet: NAK,NAK,
8242118,82.421 ms,USB packet,Packets,Packet: IN,IN ADDR 43 EP 1,
8242433,82.424 ms,USB packet,Packets,Packet: NAK,NAK,
8246518,82.465 ms,USB packet,Packets,Packet: IN,IN ADDR 43 EP 1,
8246834,82.468 ms,USB packet,Packets,Packet: NAK,NAK,
8250918,82.509 ms,USB packet,Packets,Packet: IN,IN ADDR 43 EP 1,
8251235,82.512 ms,USB packet,Packets,Packet: NAK,NAK,
8256119,82.561 ms,USB packet,Packets,Packet: IN,IN ADDR 43 EP 1,
8256433,82.564 ms,USB packet,Packets,Packet: NAK,NAK,
8260519,82.605 ms,USB packet,Packets,Packet: IN,IN ADDR 43 EP 1,
8260834,82.608 ms,USB packet,Packets,Packet: NAK,NAK,
8264919,82.649 ms,USB packet,Packets,Packet: IN,IN ADDR 43 EP 1,
8265234,82.652 ms,USB packet,Packets,Packet: NAK,NAK,
8269319,82.693 ms,USB packet,Packets,Packet: IN,IN ADDR 43 EP 1,
8269635,82.696 ms,USB packet,Packets,Packet: NAK,NAK,
8273719,82.737 ms,USB packet,Packets,Packet: IN,IN ADDR 43 EP 1,
8274034,82.740 ms,USB packet,Packets,Packet: NAK,NAK,
8278885,82.789 ms,USB packet,Packets,Packet: IN,IN ADDR 43 EP 1,
8279200,82.792 ms,USB packet,Packets,Packet: NAK,NAK,
8283319,82.833 ms,USB packet,Packets,Packet: IN,IN ADDR 43 EP 1,
8283634,82.836 ms,USB packet,Packets,Packet: NAK,NAK,
8287719,82.877 ms,USB packet,Packets,Packet: IN,IN ADDR 43 EP 1,
8288035,82.880 ms,USB packet,Packets,Packet: NAK,NAK,
8292119,82.921 ms,USB packet,Packets,Packet: IN,IN ADDR 43 EP 1,
8292435,82.924 ms,USB packet,Packets,Packet: NAK,NAK,
8296519,82.965 ms,USB packet,Packets,Packet: IN,IN ADDR 43 EP 1,
8296834,82.968 ms,USB packet,Packets,Packet: NAK,NAK,
8300919,83.009 ms,USB packet,Packets,Packet: IN,IN ADDR 43 EP 1,
8301235,83.012 ms,USB packet,Packets,Packet: NAK,NAK,
8306202,83.062 ms,USB packet,Packets,Packet: IN,IN ADDR 43 EP 1,
8306518,83.065 ms,USB packet,Packets,Packet: NAK,NAK,
8310619,83.106 ms,USB packet,Packets,Packet: IN,IN ADDR 43 EP 1,
8310934,83.109 ms,USB packet,Packets,Packet: NAK,NAK,
8315019,83.150 ms,USB packet,Packets,Packet: IN,IN ADDR 43 EP 1,
8315334,83.153 ms,USB packet,Packets,Packet: NAK,NAK,
8319419,83.194 ms,USB packet,Packets,Packet: IN,IN ADDR 43 EP 1,
8319734,83.197 ms,USB packet,Packets,Packet: NAK,NAK,
8328674,83.287 ms,USB packet,Packets,Packet: SOF,SOF 1319,
8328994,83.290 ms,USB packet,Packets,Packet: IN,IN ADDR 43 EP 1,
8329309,83.293 ms,USB packet,Packets,Packet: NAK,NAK,
8333319,83.333 ms,USB packet,Packets,Packet: IN,IN ADDR 43 EP 1,
8333635,83.336 ms,USB packet,Packets,Packet: NAK,NAK,
8337719,83.377 ms,USB packet,Packets,Packet: IN,IN ADDR 43 EP 1,
8338035,83.380 ms,USB packet,Packets,Packet: NAK,NAK,
8343519,83.435 ms,USB packet,Packets,Packet: IN,IN ADDR 43 EP 1,
8343834,83.438 ms,USB packet,Packets,Packet: NAK,NAK,
8347919,83.479 ms,USB packet,Packets,Packet: IN,IN ADDR 43 EP 1,
8348234,83.482 ms,USB packet,Packets,Packet: NAK,NAK,
8352319,83.523 ms,USB packet,Packets,Packet: IN,IN ADDR 43 EP 1,
8352634,83.526 ms,USB packet,Packets,Packet: NAK,NAK,
8356719,83.567 ms,USB packet,Packets,Packet: IN,IN ADDR 43 EP 1,
8357035,83.570 ms,USB packet,Packets,Packet: NAK,NAK,
8361669,83.617 ms,USB packet,Packets,Packet: IN,IN ADDR 43 EP 1,
8361984,83.620 ms,USB packet,Packets,Packet: NAK,NAK,
8366444,83.664 ms,USB packet,Packets,Packet: IN,IN ADDR 43 EP 1,
8366759,83.668 ms,USB packet,Packets,Packet: NAK,NAK,
8370819,83.708 ms,USB packet,Packets,Packet: IN,IN ADDR 43 EP 1,
8371135,83.711 ms,USB packet,Packets,Packet: NAK,NAK,
8375219,83.752 ms,USB packet,Packets,Packet: IN,IN ADDR 43 EP 1,
8375534,83.755 ms,USB packet,Packets,Packet: NAK,NAK,
8379619,83.796 ms,USB packet,Packets,Packet: IN,IN ADDR 43 EP 1,
8379934,83.799 ms,USB packet,Packets,Packet: NAK,NAK,
8384019,83.840 ms,USB packet,Packets,Packet: IN,IN ADDR 43 EP 1,
8384335,83.843 ms,USB packet,Packets,Packet: NAK,NAK,
8388419,83.884 ms,USB packet,Packets,Packet: IN,IN ADDR 43 EP 1,
8388735,83.887 ms,USB packet,Packets,Packet: NAK,NAK,
8393619,83.936 ms,USB packet,Packets,Packet: IN,IN ADDR 43 EP 1,
8393936,83.939 ms,USB packet,Packets,Packet: NAK,NAK,
8398019,83.980 ms,USB packet,Packets,Packet: IN,IN ADDR 43 EP 1,
8398336,83.983 ms,USB packet,Packets,Packet: NAK,NAK,
8402419,84.024 ms,USB packet,Packets,Packet: IN,IN ADDR 43 EP 1,
8402735,84.027 ms,USB packet,Packets,Packet: NAK,NAK,
8408703,84.087 ms,USB packet,Packets,Packet: IN,IN ADDR 43 EP 1,
8409018,84.090 ms,USB packet,Packets,Packet: NAK,NAK,
8413244,84.132 ms,USB packet,Packets,Packet: IN,IN ADDR 43 EP 1,
8413559,84.136 ms,USB packet,Packets,Packet: NAK,NAK,
8418520,84.185 ms,USB packet,Packets,Packet: IN,IN ADDR 43 EP 1,
8418834,84.188 ms,USB packet,Packets,Packet: NAK,NAK,
8428678,84.287 ms,USB packet,Packets,Packet: SOF,SOF 1320,
8429003,84.290 ms,USB packet,Packets,Packet: IN,IN ADDR 43 EP 1,
8429318,84.293 ms,USB packet,Packets,Packet: NAK,NAK,
8433820,84.338 ms,USB packet,Packets,Packet: IN,IN ADDR 43 EP 1,
8434134,84.341 ms,USB packet,Packets,Packet: NAK,NAK,
8438220,84.382 ms,USB packet,Packets,Packet: IN,IN ADDR 43 EP 1,
8438535,84.385 ms,USB packet,Packets,Packet: NAK,NAK,
8443520,84.435 ms,USB packet,Packets,Packet: IN,IN ADDR 43 EP 1,
8443835,84.438 ms,USB packet,Packets,Packet: NAK,NAK,
8447920,84.479 ms,USB packet,Packets,Packet: IN,IN ADDR 43 EP 1,
8448235,84.482 ms,USB packet,Packets,Packet: NAK,NAK,
8452320,84.523 ms,USB packet,Packets,Packet: IN,IN ADDR 43 EP 1,
8452635,84.526 ms,USB packet,Packets,Packet: NAK,NAK,
8456720,84.567 ms,USB packet,Packets,Packet: IN,IN ADDR 43 EP 1,
8457035,84.570 ms,USB packet,Packets,Packet: NAK,NAK,
8461120,84.611 ms,USB packet,Packets,Packet: IN,IN ADDR 43 EP 1,
8461435,84.614 ms,USB packet,Packets,Packet: NAK,NAK,
8465520,84.655 ms,USB packet,Packets,Packet: IN,IN ADDR 43 EP 1,
8465835,84.658 ms,USB packet,Packets,Packet: NAK,NAK,
8469920,84.699 ms,USB packet,Packets,Packet: IN,IN ADDR 43 EP 1,
8470236,84.702 ms,USB packet,Packets,Packet: NAK,NAK,
8474320,84.743 ms,USB packet,Packets,Packet: IN,IN ADDR 43 EP 1,
8474636,84.746 ms,USB packet,Packets,Packet: NAK,NAK,
8478945,84.789 ms,USB packet,Packets,Packet: IN,IN ADDR 43 EP 1,
8479261,84.793 ms,USB packet,Packets,Packet: NAK,NAK,
8483320,84.833 ms,USB packet,Packets,Packet: IN,IN ADDR 43 EP 1,
8483636,84.836 ms,USB packet,Packets,Packet: NAK,NAK,
8487720,84.877 ms,USB packet,Packets,Packet: IN,IN ADDR 43 EP 1,
8488035,84.880 ms,USB packet,Packets,Packet: NAK,NAK,
8492120,84.921 ms,USB packet,Packets,Packet: IN,IN ADDR 43 EP 1,
8492435,84.924 ms,USB packet,Packets,Packet: NAK,NAK,
8498603,84.986 ms,USB packet,Packets,Packet: IN,IN ADDR 43 EP 1,
8498920,84.989 ms,USB packet,Packets,Packet: NAK,NAK,
8503887,85.039 ms,USB packet,Packets,Packet: IN,IN ADDR 43 EP 1,
8504202,85.042 ms,USB packet,Packets,Packet: NAK,NAK,
8508320,85.083 ms,USB packet,Packets,Packet: IN,IN ADDR 43 EP 1,
8508636,85.086 ms,USB packet,Packets,Packet: NAK,NAK,
8512720,85.127 ms,USB packet,Packets,Packet: IN,IN ADDR 43 EP 1,
8513035,85.130 ms,USB packet,Packets,Packet: NAK,NAK,
8517120,85.171 ms,USB packet,Packets,Packet: IN,IN ADDR 43 EP 1,
8517436,85.174 ms,USB packet,Packets,Packet: NAK,NAK,
8521520,85.215 ms,USB packet,Packets,Packet: IN,IN ADDR 43 EP 1,
8521836,85.218 ms,USB packet,Packets,Packet: NAK,NAK,
8528679,85.287 ms,USB packet,Packets,Packet: SOF,SOF 1321,
8529003,85.290 ms,USB packet,Packets,Packet: IN,IN ADDR 43 EP 1,
8529319,85.293 ms,USB packet,Packets,Packet: NAK,NAK,
8533320,85.333 ms,USB packet,Packets,Packet: IN,IN ADDR 43 EP 1,
8533635,85.336 ms,USB packet,Packets,Packet: NAK,NAK,
8537720,85.377 ms,USB packet,Packets,Packet: IN,IN ADDR 43 EP 1,
8538035,85.380 ms,USB packet,Packets,Packet: NAK,NAK,
8542120,85.421 ms,USB packet,Packets,Packet: IN,IN ADDR 43 EP 1,
8542436,85.424 ms,USB packet,Packets,Packet: NAK,NAK,
8546520,85.465 ms,USB packet,Packets,Packet: IN,IN ADDR 43 EP 1,
8546835,85.468 ms,USB packet,Packets,Packet: NAK,NAK,
8550920,85.509 ms,USB packet,Packets,Packet: IN,IN ADDR 43 EP 1,
8551236,85.512 ms,USB packet,Packets,Packet: NAK,NAK,
8556120,85.561 ms,USB packet,Packets,Packet: IN,IN ADDR 43 EP 1,
8556435,85.564 ms,USB packet,Packets,Packet: NAK,NAK,
8560520,85.605 ms,USB packet,Packets,Packet: IN,IN ADDR 43 EP 1,
8560836,85.608 ms,USB packet,Packets,Packet: NAK,NAK,
8564920,85.649 ms,USB packet,Packets,Packet: IN,IN ADDR 43 EP 1,
8565236,85.652 ms,USB packet,Packets,Packet: NAK,NAK,
8569320,85.693 ms,USB packet,Packets,Packet: IN,IN ADDR 43 EP 1,
8569636,85.696 ms,USB packet,Packets,Packet: NAK,NAK,
8573720,85.737 ms,USB packet,Packets,Packet: IN,IN ADDR 43 EP 1,
8574036,85.740 ms,USB packet,Packets,Packet: NAK,NAK,
8578887,85.789 ms,USB packet,Packets,Packet: IN,IN ADDR 43 EP 1,
8579204,85.792 ms,USB packet,Packets,Packet: NAK,NAK,
8583321,85.833 ms,USB packet,Packets,Packet: IN,IN ADDR 43 EP 1,
8583636,85.836 ms,USB packet,Packets,Packet: NAK,NAK,
8587721,85.877 ms,USB packet,Packets,Packet: IN,IN ADDR 43 EP 1,
8588035,85.880 ms,USB packet,Packets,Packet: NAK,NAK,
8592121,85.921 ms,USB packet,Packets,Packet: IN,IN ADDR 43 EP 1,
8592437,85.924 ms,USB packet,Packets,Packet: NAK,NAK,
8596521,85.965 ms,USB packet,Packets,Packet: IN,IN ADDR 43 EP 1,
8596837,85.968 ms,USB packet,Packets,Packet: NAK,NAK,
8600921,86.009 ms,USB packet,Packets,Packet: IN,IN ADDR 43 EP 1,
8601236,86.012 ms,USB packet,Packets,Packet: NAK,NAK,
8606121,86.061 ms,USB packet,Packets,Packet: IN,IN ADDR 43 EP 1,
8606436,86.064 ms,USB packet,Packets,Packet: NAK,NAK,
8610521,86.105 ms,USB packet,Packets,Packet: IN,IN ADDR 43 EP 1,
8610836,86.108 ms,USB packet,Packets,Packet: NAK,NAK,
8614921,86.149 ms,USB packet,Packets,Packet: IN,IN ADDR 43 EP 1,
8615235,86.152 ms,USB packet,Packets,Packet: NAK,NAK,
8619321,86.193 ms,USB packet,Packets,Packet: IN,IN ADDR 43 EP 1,
8619636,86.196 ms,USB packet,Packets,Packet: NAK,NAK,
8628679,86.287 ms,USB packet,Packets,Packet: SOF,SOF 1322,
8629004,86.290 ms,USB packet,Packets,Packet: IN,IN ADDR 43 EP 1,
8629320,86.293 ms,USB packet,Packets,Packet: NAK,NAK,
8635704,86.357 ms,USB packet,Packets,Packet: IN,IN ADDR 43 EP 1,
8636020,86.360 ms,USB packet,Packets,Packet: NAK,NAK,
8640121,86.401 ms,USB packet,Packets,Packet: IN,IN ADDR 43 EP 1,
8640437,86.404 ms,USB packet,Packets,Packet: NAK,NAK,
8644521,86.445 ms,USB packet,Packets,Packet: IN,IN ADDR 43 EP 1,
8644836,86.448 ms,USB packet,Packets,Packet: NAK,NAK,
8648921,86.489 ms,USB packet,Packets,Packet: IN,IN ADDR 43 EP 1,
8649236,86.492 ms,USB packet,Packets,Packet: NAK,NAK,
8653888,86.539 ms,USB packet,Packets,Packet: IN,IN ADDR 43 EP 1,
8654203,86.542 ms,USB packet,Packets,Packet: NAK,NAK,
8658321,86.583 ms,USB packet,Packets,Packet: IN,IN ADDR 43 EP 1,
8658637,86.586 ms,USB packet,Packets,Packet: NAK,NAK,
8662721,86.627 ms,USB packet,Packets,Packet: IN,IN ADDR 43 EP 1,
8663037,86.630 ms,USB packet,Packets,Packet: NAK,NAK,
8667121,86.671 ms,USB packet,Packets,Packet: IN,IN ADDR 43 EP 1,
8667436,86.674 ms,USB packet,Packets,Packet: NAK,NAK,
8671521,86.715 ms,USB packet,Packets,Packet: IN,IN ADDR 43 EP 1,
8671837,86.718 ms,USB packet,Packets,Packet: NAK,NAK,
8675921,86.759 ms,USB packet,Packets,Packet: IN,IN ADDR 43 EP 1,
8676236,86.762 ms,USB packet,Packets,Packet: NAK,NAK,
8681121,86.811 ms,USB packet,Packets,Packet: IN,IN ADDR 43 EP 1,
8681437,86.814 ms,USB packet,Packets,Packet: NAK,NAK,
8685521,86.855 ms,USB packet,Packets,Packet: IN,IN ADDR 43 EP 1,
8685836,86.858 ms,USB packet,Packets,Packet: NAK,NAK,
8689921,86.899 ms,USB packet,Packets,Packet: IN,IN ADDR 43 EP 1,
8690237,86.902 ms,USB packet,Packets,Packet: NAK,NAK,
8693946,86.939 ms,USB request,USB SETUP,Setup: Device-to-host,SETUP in: [ A1 21 00 00 02 00 07 00 ][ 00 00 00 00 00 00 00 ] : ACK,
8693946,86.939 ms,USB packet,Packets,Packet: SETUP,SETUP ADDR 43 EP 0,
8694271,86.943 ms,USB packet,Packets,Packet: DATA0,DATA0 [ A1 21 00 00 02 00 07 00 ],
8695121,86.951 ms,USB packet,Packets,Packet: ACK,ACK,
8695388,86.954 ms,USB packet,Packets,Packet: IN,IN ADDR 43 EP 1,
8695704,86.957 ms,USB packet,Packets,Packet: NAK,NAK,
8696446,86.964 ms,USB packet,Packets,Packet: IN,IN ADDR 43 EP 0,
8696762,86.968 ms,USB packet,Packets,Packet: DATA1,DATA1 [ 00 00 00 00 00 00 00 ],
8697571,86.976 ms,USB packet,Packets,Packet: ACK,ACK,
8698880,86.989 ms,USB packet,Packets,Packet: IN,IN ADDR 43 EP 1,
8699194,86.992 ms,USB packet,Packets,Packet: NAK,NAK,
8699871,86.999 ms,USB packet,Packets,Packet: OUT,OUT ADDR 43 EP 0,
8700196,87.002 ms,USB packet,Packets,Packet: DATA1,DATA1 [ ],
8700512,87.005 ms,USB packet,Packets,Packet: ACK,ACK,
8704021,87.040 ms,USB packet,Packets,Packet: IN,IN ADDR 43 EP 1,
8704338,87.043 ms,USB packet,Packets,Packet: NAK,NAK,
8708421,87.084 ms,USB packet,Packets,Packet: IN,IN ADDR 43 EP 1,
8708736,87.087 ms,USB packet,Packets,Packet: NAK,NAK,
8709005,87.090 ms,USB request,USB SETUP,Setup: Host-to-device,SETUP out: [ 21 22 00 00 02 00 00 00 ][ ] : ACK,
8709005,87.090 ms,USB packet,Packets,Packet: SETUP,SETUP ADDR 43 EP 0,
8709330,87.093 ms,USB packet,Packets,Packet: DATA0,DATA0 [ 21 22 00 00 02 00 00 00 ],
8710187,87.102 ms,USB packet,Packets,Packet: ACK,ACK,
8711288,87.113 ms,USB packet,Packets,Packet: IN,IN ADDR 43 EP 0,
8711604,87.116 ms,USB packet,Packets,Packet: DATA1,DATA1 [ ],
8711946,87.119 ms,USB packet,Packets,Packet: ACK,ACK,
8713180,87.132 ms,USB packet,Packets,Packet: IN,IN ADDR 43 EP 1,
8713495,87.135 ms,USB packet,Packets,Packet: NAK,NAK,
8718580,87.186 ms,USB packet,Packets,Packet: IN,IN ADDR 43 EP 1,
8718896,87.189 ms,USB packet,Packets,Packet: NAK,NAK,
8728680,87.287 ms,USB packet,Packets,Packet: SOF,SOF 1323,
8729005,87.290 ms,USB packet,Packets,Packet: IN,IN ADDR 43 EP 1,
8729320,87.293 ms,USB packet,Packets,Packet: NAK,NAK,
8733921,87.339 ms,USB packet,Packets,Packet: IN,IN ADDR 43 EP 1,
8734237,87.342 ms,USB packet,Packets,Packet: NAK,NAK,
8738321,87.383 ms,USB packet,Packets,Packet: IN,IN ADDR 43 EP 1,
8738636,87.386 ms,USB packet,Packets,Packet: NAK,NAK,
8743513,87.435 ms,USB packet,Packets,Packet: IN,IN ADDR 43 EP 1,
8743830,87.438 ms,USB packet,Packets,Packet: NAK,NAK,
8747913,87.479 ms,USB packet,Packets,Packet: IN,IN ADDR 43 EP 1,
8748229,87.482 ms,USB packet,Packets,Packet: NAK,NAK,
8752313,87.523 ms,USB packet,Packets,Packet: IN,IN ADDR 43 EP 1,
8752628,87.526 ms,USB packet,Packets,Packet: NAK,NAK,
8756713,87.567 ms,USB packet,Packets,Packet: IN,IN ADDR 43 EP 1,
8757028,87.570 ms,USB packet,Packets,Packet: NAK,NAK,
8761113,87.611 ms,USB packet,Packets,Packet: IN,IN ADDR 43 EP 1,
8761428,87.614 ms,USB packet,Packets,Packet: NAK,NAK,
8765513,87.655 ms,USB packet,Packets,Packet: IN,IN ADDR 43 EP 1,
8765830,87.658 ms,USB packet,Packets,Packet: NAK,NAK,
8769913,87.699 ms,USB packet,Packets,Packet: IN,IN ADDR 43 EP 1,
8770229,87.702 ms,USB packet,Packets,Packet: NAK,NAK,
8774313,87.743 ms,USB packet,Packets,Packet: IN,IN ADDR 43 EP 1,
8774628,87.746 ms,USB packet,Packets,Packet: NAK,NAK,
8778938,87.789 ms,USB packet,Packets,Packet: IN,IN ADDR 43 EP 1,
8779255,87.793 ms,USB packet,Packets,Packet: NAK,NAK,
8783313,87.833 ms,USB request,USB SETUP,Setup: Host-to-device,SETUP out: [ 21 20 00 00 02 00 07 00 ][ 00 00 00 00 00 00 00 ] : ACK,
8783313,87.833 ms,USB packet,Packets,Packet: SETUP,SETUP ADDR 43 EP 0,
8783638,87.836 ms,USB packet,Packets,Packet: DATA0,DATA0 [ 21 20 00 00 02 00 07 00 ],
8784487,87.845 ms,USB packet,Packets,Packet: ACK,ACK,
8784755,87.848 ms,USB packet,Packets,Packet: IN,IN ADDR 43 EP 1,
8785071,87.851 ms,USB packet,Packets,Packet: NAK,NAK,
8785863,87.859 ms,USB packet,Packets,Packet: OUT,OUT ADDR 43 EP 0,
8786188,87.862 ms,USB packet,Packets,Packet: DATA1,DATA1 [ 00 00 00 00 00 00 00 ],
8786978,87.870 ms,USB packet,Packets,Packet: ACK,ACK,
8788405,87.884 ms,USB packet,Packets,Packet: IN,IN ADDR 43 EP 0,
8788720,87.887 ms,USB packet,Packets,Packet: DATA1,DATA1 [ ],
8789063,87.891 ms,USB packet,Packets,Packet: ACK,ACK,
8789288,87.893 ms,USB packet,Packets,Packet: IN,IN ADDR 43 EP 1,
8789603,87.896 ms,USB packet,Packets,Packet: NAK,NAK,
8793680,87.937 ms,USB packet,Packets,Packet: IN,IN ADDR 43 EP 1,
8793995,87.940 ms,USB packet,Packets,Packet: NAK,NAK,
8797188,87.972 ms,USB request,USB SETUP,Setup: Device-to-host,SETUP in: [ A1 21 00 00 02 00 07 00 ][ 00 00 00 00 00 00 00 ] : ACK,
8797188,87.972 ms,USB packet,Packets,Packet: SETUP,SETUP ADDR 43 EP 0,
8797513,87.975 ms,USB packet,Packets,Packet: DATA0,DATA0 [ A1 21 00 00 02 00 07 00 ],
8798363,87.984 ms,USB packet,Packets,Packet: ACK,ACK,
8798622,87.986 ms,USB packet,Packets,Packet: IN,IN ADDR 43 EP 1,
8798938,87.989 ms,USB packet,Packets,Packet: NAK,NAK,
8799697,87.997 ms,USB packet,Packets,Packet: IN,IN ADDR 43 EP 0,
8800011,88.000 ms,USB packet,Packets,Packet: DATA1,DATA1 [ 00 00 00 00 00 00 00 ],
8800822,88.008 ms,USB packet,Packets,Packet: ACK,ACK,
8802389,88.024 ms,USB packet,Packets,Packet: OUT,OUT ADDR 43 EP 0,
8802713,88.027 ms,USB packet,Packets,Packet: DATA1,DATA1 [ ],
8803030,88.030 ms,USB packet,Packets,Packet: ACK,ACK,
8803288,88.033 ms,USB packet,Packets,Packet: IN,IN ADDR 43 EP 1,
8803603,88.036 ms,USB packet,Packets,Packet: NAK,NAK,
8807080,88.071 ms,USB packet,Packets,Packet: IN,IN ADDR 43 EP 1,
8807395,88.074 ms,USB packet,Packets,Packet: NAK,NAK,
8811414,88.114 ms,USB packet,Packets,Packet: IN,IN ADDR 43 EP 1,
8811730,88.117 ms,USB packet,Packets,Packet: NAK,NAK,
8816389,88.164 ms,USB packet,Packets,Packet: IN,IN ADDR 43 EP 1,
8816705,88.167 ms,USB packet,Packets,Packet: NAK,NAK,
8820814,88.208 ms,USB packet,Packets,Packet: IN,IN ADDR 43 EP 1,
8821128,88.211 ms,USB packet,Packets,Packet: NAK,NAK,
8828680,88.287 ms,USB packet,Packets,Packet: SOF,SOF 1324,
8829005,88.290 ms,USB packet,Packets,Packet: IN,IN ADDR 43 EP 1,
8829320,88.293 ms,USB packet,Packets,Packet: NAK,NAK,
8833914,88.339 ms,USB packet,Packets,Packet: IN,IN ADDR 43 EP 1,
8834229,88.342 ms,USB packet,Packets,Packet: NAK,NAK,
8838314,88.383 ms,USB packet,Packets,Packet: IN,IN ADDR 43 EP 1,
8838629,88.386 ms,USB packet,Packets,Packet: NAK,NAK,
8843514,88.435 ms,USB packet,Packets,Packet: IN,IN ADDR 43 EP 1,
8843828,88.438 ms,USB packet,Packets,Packet: NAK,NAK,
8847914,88.479 ms,USB packet,Packets,Packet: IN,IN ADDR 43 EP 1,
8848229,88.482 ms,USB packet,Packets,Packet: NAK,NAK,
8852314,88.523 ms,USB packet,Packets,Packet: IN,IN ADDR 43 EP 1,
8852630,88.526 ms,USB packet,Packets,Packet: NAK,NAK,
8856714,88.567 ms,USB packet,Packets,Packet: IN,IN ADDR 43 EP 1,
8857030,88.570 ms,USB packet,Packets,Packet: NAK,NAK,
8861114,88.611 ms,USB packet,Packets,Packet: IN,IN ADDR 43 EP 1,
8861429,88.614 ms,USB packet,Packets,Packet: NAK,NAK,
8865514,88.655 ms,USB packet,Packets,Packet: IN,IN ADDR 43 EP 1,
8865830,88.658 ms,USB packet,Packets,Packet: NAK,NAK,
8870606,88.706 ms,USB packet,Packets,Packet: IN,IN ADDR 43 EP 1,
8870921,88.709 ms,USB packet,Packets,Packet: NAK,NAK,
8875014,88.750 ms,USB packet,Packets,Packet: IN,IN ADDR 43 EP 1,
8875329,88.753 ms,USB packet,Packets,Packet: NAK,NAK,
8879414,88.794 ms,USB packet,Packets,Packet: IN,IN ADDR 43 EP 1,
8879730,88.797 ms,USB packet,Packets,Packet: NAK,NAK,
8883814,88.838 ms,USB packet,Packets,Packet: IN,IN ADDR 43 EP 1,
8884129,88.841 ms,USB packet,Packets,Packet: NAK,NAK,
8888214,88.882 ms,USB packet,Packets,Packet: IN,IN ADDR 43 EP 1,
8888529,88.885 ms,USB packet,Packets,Packet: NAK,NAK,
8893514,88.935 ms,USB packet,Packets,Packet: IN,IN ADDR 43 EP 1,
8893830,88.938 ms,USB packet,Packets,Packet: NAK,NAK,
8897914,88.979 ms,USB packet,Packets,Packet: IN,IN ADDR 43 EP 1,
8898229,88.982 ms,USB packet,Packets,Packet: NAK,NAK,
8902314,89.023 ms,USB packet,Packets,Packet: IN,IN ADDR 43 EP 1,
8902629,89.026 ms,USB packet,Packets,Packet: NAK,NAK,
8906714,89.067 ms,USB packet,Packets,Packet: IN,IN ADDR 43 EP 1,
8907030,89.070 ms,USB packet,Packets,Packet: NAK,NAK,
8911114,89.111 ms,USB packet,Packets,Packet: IN,IN ADDR 43 EP 1,
8911430,89.114 ms,USB packet,Packets,Packet: NAK,NAK,
8916906,89.169 ms,USB packet,Packets,Packet: IN,IN ADDR 43 EP 1,
8917222,89.172 ms,USB packet,Packets,Packet: NAK,NAK,
8921314,89.213 ms,USB packet,Packets,Packet: IN,IN ADDR 43 EP 1,
8921629,89.216 ms,USB packet,Packets,Packet: NAK,NAK,
8928674,89.287 ms,USB packet,Packets,Packet: SOF,SOF 1325,
8928998,89.290 ms,USB packet,Packets,Packet: IN,IN ADDR 43 EP 1,
8929313,89.293 ms,USB packet,Packets,Packet: NAK,NAK,
8932314,89.323 ms,USB packet,Packets,Packet: IN,IN ADDR 43 EP 1,
8932631,89.326 ms,USB packet,Packets,Packet: NAK,NAK,
8936714,89.367 ms,USB packet,Packets,Packet: IN,IN ADDR 43 EP 1,
8937029,89.370 ms,USB packet,Packets,Packet: NAK,NAK,
8941439,89.414 ms,USB packet,Packets,Packet: IN,IN ADDR 43 EP 1,
8941755,89.418 ms,USB packet,Packets,Packet: NAK,NAK,
8945814,89.458 ms,USB packet,Packets,Packet: IN,IN ADDR 43 EP 1,
8946130,89.461 ms,USB packet,Packets,Packet: NAK,NAK,
8950214,89.502 ms,USB packet,Packets,Packet: IN,IN ADDR 43 EP 1,
8950530,89.505 ms,USB packet,Packets,Packet: NAK,NAK,
8954614,89.546 ms,USB packet,Packets,Packet: IN,IN ADDR 43 EP 1,
8954931,89.549 ms,USB packet,Packets,Packet: NAK,NAK,
8959014,89.590 ms,USB packet,Packets,Packet: IN,IN ADDR 43 EP 1,
8959330,89.593 ms,USB packet,Packets,Packet: NAK,NAK,
8963414,89.634 ms,USB packet,Packets,Packet: IN,IN ADDR 43 EP 1,
8963730,89.637 ms,USB packet,Packets,Packet: NAK,NAK,
8968615,89.686 ms,USB packet,Packets,Packet: IN,IN ADDR 43 EP 1,
8968931,89.689 ms,USB packet,Packets,Packet: NAK,NAK,
8973015,89.730 ms,USB packet,Packets,Packet: IN,IN ADDR 43 EP 1,
8973329,89.733 ms,USB packet,Packets,Packet: NAK,NAK,
8977415,89.774 ms,USB packet,Packets,Packet: IN,IN ADDR 43 EP 1,
8977731,89.777 ms,USB packet,Packets,Packet: NAK,NAK,
8981815,89.818 ms,USB packet,Packets,Packet: IN,IN ADDR 43 EP 1,
8982131,89.821 ms,USB packet,Packets,Packet: NAK,NAK,
8986606,89.866 ms,USB packet,Packets,Packet: IN,IN ADDR 43 EP 1,
8986923,89.869 ms,USB packet,Packets,Packet: NAK,NAK,
8991523,89.915 ms,USB packet,Packets,Packet: IN,IN ADDR 43 EP 1,
8991839,89.918 ms,USB packet,Packets,Packet: NAK,NAK,
8995915,89.959 ms,USB packet,Packets,Packet: IN,IN ADDR 43 EP 1,
8996231,89.962 ms,USB packet,Packets,Packet: NAK,NAK,
9000315,90.003 ms,USB packet,Packets,Packet: IN,IN ADDR 43 EP 1,
9000631,90.006 ms,USB packet,Packets,Packet: NAK,NAK,
9006015,90.060 ms,USB packet,Packets,Packet: IN,IN ADDR 43 EP 1,
9006330,90.063 ms,USB packet,Packets,Packet: NAK,NAK,
9010415,90.104 ms,USB packet,Packets,Packet: IN,IN ADDR 43 EP 1,
9010731,90.107 ms,USB packet,Packets,Packet: NAK,NAK,
9014815,90.148 ms,USB packet,Packets,Packet: IN,IN ADDR 43 EP 1,
9015130,90.151 ms,USB packet,Packets,Packet: NAK,NAK,
9019215,90.192 ms,USB packet,Packets,Packet: IN,IN ADDR 43 EP 1,
9019531,90.195 ms,USB packet,Packets,Packet: NAK,NAK,
9028678,90.287 ms,USB packet,Packets,Packet: SOF,SOF 1326,
9028998,90.290 ms,USB packet,Packets,Packet: IN,IN ADDR 43 EP 1,
9029314,90.293 ms,USB packet,Packets,Packet: NAK,NAK,
9032315,90.323 ms,USB packet,Packets,Packet: IN,IN ADDR 43 EP 1,
9032630,90.326 ms,USB packet,Packets,Packet: NAK,NAK,
9036715,90.367 ms,USB packet,Packets,Packet: IN,IN ADDR 43 EP 1,
9037030,90.370 ms,USB packet,Packets,Packet: NAK,NAK,
9041440,90.414 ms,USB packet,Packets,Packet: IN,IN ADDR 43 EP 1,
9041755,90.418 ms,USB packet,Packets,Packet: NAK,NAK,
9045815,90.458 ms,USB packet,Packets,Packet: IN,IN ADDR 43 EP 1,
9046131,90.461 ms,USB packet,Packets,Packet: NAK,NAK,
9050215,90.502 ms,USB packet,Packets,Packet: IN,IN ADDR 43 EP 1,
9050530,90.505 ms,USB packet,Packets,Packet: NAK,NAK,
9054615,90.546 ms,USB packet,Packets,Packet: IN,IN ADDR 43 EP 1,
9054931,90.549 ms,USB packet,Packets,Packet: NAK,NAK,
9059015,90.590 ms,USB packet,Packets,Packet: IN,IN ADDR 43 EP 1,
9059331,90.593 ms,USB packet,Packets,Packet: NAK,NAK,
9063415,90.634 ms,USB packet,Packets,Packet: IN,IN ADDR 43 EP 1,
9063731,90.637 ms,USB packet,Packets,Packet: NAK,NAK,
9068615,90.686 ms,USB packet,Packets,Packet: IN,IN ADDR 43 EP 1,
9068932,90.689 ms,USB packet,Packets,Packet: NAK,NAK,
9073015,90.730 ms,USB packet,Packets,Packet: IN,IN ADDR 43 EP 1,
9073331,90.733 ms,USB packet,Packets,Packet: NAK,NAK,
9077415,90.774 ms,USB packet,Packets,Packet: IN,IN ADDR 43 EP 1,
9077731,90.777 ms,USB packet,Packets,Packet: NAK,NAK,
9081815,90.818 ms,USB packet,Packets,Packet: IN,IN ADDR 43 EP 1,
9082130,90.821 ms,USB packet,Packets,Packet: NAK,NAK,
9086215,90.862 ms,USB packet,Packets,Packet: IN,IN ADDR 43 EP 1,
9086531,90.865 ms,USB packet,Packets,Packet: NAK,NAK,
9091390,90.914 ms,USB packet,Packets,Packet: IN,IN ADDR 43 EP 1,
9091706,90.917 ms,USB packet,Packets,Packet: NAK,NAK,
9095815,90.958 ms,USB packet,Packets,Packet: IN,IN ADDR 43 EP 1,
9096131,90.961 ms,USB packet,Packets,Packet: NAK,NAK,
9100215,91.002 ms,USB packet,Packets,Packet: IN,IN ADDR 43 EP 1,
9100531,91.005 ms,USB packet,Packets,Packet: NAK,NAK,
9104615,91.046 ms,USB packet,Packets,Packet: IN,IN ADDR 43 EP 1,
9104930,91.049 ms,USB packet,Packets,Packet: NAK,NAK,
9109015,91.090 ms,USB packet,Packets,Packet: IN,IN ADDR 43 EP 1,
9109332,91.093 ms,USB packet,Packets,Packet: NAK,NAK,
9113415,91.134 ms,USB packet,Packets,Packet: IN,IN ADDR 43 EP 1,
9113731,91.137 ms,USB packet,Packets,Packet: NAK,NAK,
9118615,91.186 ms,USB packet,Packets,Packet: IN,IN ADDR 43 EP 1,
9118930,91.189 ms,USB packet,Packets,Packet: NAK,NAK,
9128679,91.287 ms,USB packet,Packets,Packet: SOF,SOF 1327,
9128999,91.290 ms,USB packet,Packets,Packet: IN,IN ADDR 43 EP 1,
9129315,91.293 ms,USB packet,Packets,Packet: NAK,NAK,
9134016,91.340 ms,USB packet,Packets,Packet: IN,IN ADDR 43 EP 1,
9134331,91.343 ms,USB packet,Packets,Packet: NAK,NAK,
9138416,91.384 ms,USB packet,Packets,Packet: IN,IN ADDR 43 EP 1,
9138731,91.387 ms,USB packet,Packets,Packet: NAK,NAK,
9143616,91.436 ms,USB packet,Packets,Packet: IN,IN ADDR 43 EP 1,
9143930,91.439 ms,USB packet,Packets,Packet: NAK,NAK,
9148016,91.480 ms,USB packet,Packets,Packet: IN,IN ADDR 43 EP 1,
9148330,91.483 ms,USB packet,Packets,Packet: NAK,NAK,
9152416,91.524 ms,USB packet,Packets,Packet: IN,IN ADDR 43 EP 1,
9152731,91.527 ms,USB packet,Packets,Packet: NAK,NAK,
9156816,91.568 ms,USB packet,Packets,Packet: IN,IN ADDR 43 EP 1,
9157132,91.571 ms,USB packet,Packets,Packet: NAK,NAK,
9161216,91.612 ms,USB packet,Packets,Packet: IN,IN ADDR 43 EP 1,
9161530,91.615 ms,USB packet,Packets,Packet: NAK,NAK,
9166382,91.664 ms,USB packet,Packets,Packet: IN,IN ADDR 43 EP 1,
9166698,91.667 ms,USB packet,Packets,Packet: NAK,NAK,
9170816,91.708 ms,USB packet,Packets,Packet: IN,IN ADDR 43 EP 1,
9171131,91.711 ms,USB packet,Packets,Packet: NAK,NAK,
9175216,91.752 ms,USB packet,Packets,Packet: IN,IN ADDR 43 EP 1,
9175532,91.755 ms,USB packet,Packets,Packet: NAK,NAK,
9179616,91.796 ms,USB packet,Packets,Packet: IN,IN ADDR 43 EP 1,
9179931,91.799 ms,USB packet,Packets,Packet: NAK,NAK,
9184016,91.840 ms,USB packet,Packets,Packet: IN,IN ADDR 43 EP 1,
9184332,91.843 ms,USB packet,Packets,Packet: NAK,NAK,
9188416,91.884 ms,USB packet,Packets,Packet: IN,IN ADDR 43 EP 1,
9188732,91.887 ms,USB packet,Packets,Packet: NAK,NAK,
9193616,91.936 ms,USB packet,Packets,Packet: IN,IN ADDR 43 EP 1,
9193932,91.939 ms,USB packet,Packets,Packet: NAK,NAK,
9198016,91.980 ms,USB packet,Packets,Packet: IN,IN ADDR 43 EP 1,
9198332,91.983 ms,USB packet,Packets,Packet: NAK,NAK,
9202416,92.024 ms,USB packet,Packets,Packet: IN,IN ADDR 43 EP 1,
9202731,92.027 ms,USB packet,Packets,Packet: NAK,NAK,
9206816,92.068 ms,USB packet,Packets,Packet: IN,IN ADDR 43 EP 1,
9207131,92.071 ms,USB packet,Packets,Packet: NAK,NAK,
9211216,92.112 ms,USB packet,Packets,Packet: IN,IN ADDR 43 EP 1,
9211532,92.115 ms,USB packet,Packets,Packet: NAK,NAK,
9216458,92.165 ms,USB packet,Packets,Packet: IN,IN ADDR 43 EP 1,
9216774,92.168 ms,USB packet,Packets,Packet: NAK,NAK,
9220916,92.209 ms,USB packet,Packets,Packet: IN,IN ADDR 43 EP 1,
9221232,92.212 ms,USB packet,Packets,Packet: NAK,NAK,
9228680,92.287 ms,USB packet,Packets,Packet: SOF,SOF 1328,
9228999,92.290 ms,USB packet,Packets,Packet: IN,IN ADDR 43 EP 1,
9229314,92.293 ms,USB packet,Packets,Packet: NAK,NAK,
9231916,92.319 ms,USB packet,Packets,Packet: IN,IN ADDR 43 EP 1,
9232231,92.322 ms,USB packet,Packets,Packet: NAK,NAK,
9236316,92.363 ms,USB packet,Packets,Packet: IN,IN ADDR 43 EP 1,
9236632,92.366 ms,USB packet,Packets,Packet: NAK,NAK,
9241516,92.415 ms,USB packet,Packets,Packet: IN,IN ADDR 43 EP 1,
9241832,92.418 ms,USB packet,Packets,Packet: NAK,NAK,
9245916,92.459 ms,USB packet,Packets,Packet: IN,IN ADDR 43 EP 1,
9246233,92.462 ms,USB packet,Packets,Packet: NAK,NAK,
9250316,92.503 ms,USB packet,Packets,Packet: IN,IN ADDR 43 EP 1,
9250632,92.506 ms,USB packet,Packets,Packet: NAK,NAK,
9256016,92.560 ms,USB packet,Packets,Packet: IN,IN ADDR 43 EP 1,
9256333,92.563 ms,USB packet,Packets,Packet: NAK,NAK,
9260416,92.604 ms,USB packet,Packets,Packet: IN,IN ADDR 43 EP 1,
9260731,92.607 ms,USB packet,Packets,Packet: NAK,NAK,
9264816,92.648 ms,USB packet,Packets,Packet: IN,IN ADDR 43 EP 1,
9265132,92.651 ms,USB packet,Packets,Packet: NAK,NAK,
9269216,92.692 ms,USB packet,Packets,Packet: IN,IN ADDR 43 EP 1,
9269532,92.695 ms,USB packet,Packets,Packet: NAK,NAK,
9273616,92.736 ms,USB packet,Packets,Packet: IN,IN ADDR 43 EP 1,
9273932,92.739 ms,USB packet,Packets,Packet: NAK,NAK,
9278016,92.780 ms,USB packet,Packets,Packet: IN,IN ADDR 43 EP 1,
9278332,92.783 ms,USB packet,Packets,Packet: NAK,NAK,
9282416,92.824 ms,USB packet,Packets,Packet: IN,IN ADDR 43 EP 1,
9282732,92.827 ms,USB packet,Packets,Packet: NAK,NAK,
9286816,92.868 ms,USB packet,Packets,Packet: IN,IN ADDR 43 EP 1,
9287132,92.871 ms,USB packet,Packets,Packet: NAK,NAK,
9291441,92.914 ms,USB packet,Packets,Packet: IN,IN ADDR 43 EP 1,
9291758,92.918 ms,USB packet,Packets,Packet: NAK,NAK,
9295817,92.958 ms,USB packet,Packets,Packet: IN,IN ADDR 43 EP 1,
9296132,92.961 ms,USB packet,Packets,Packet: NAK,NAK,
9300217,93.002 ms,USB packet,Packets,Packet: IN,IN ADDR 43 EP 1,
9300532,93.005 ms,USB packet,Packets,Packet: NAK,NAK,
9304617,93.046 ms,USB packet,Packets,Packet: IN,IN ADDR 43 EP 1,
9304933,93.049 ms,USB packet,Packets,Packet: NAK,NAK,
9309017,93.090 ms,USB packet,Packets,Packet: IN,IN ADDR 43 EP 1,
9309332,93.093 ms,USB packet,Packets,Packet: NAK,NAK,
9313417,93.134 ms,USB packet,Packets,Packet: IN,IN ADDR 43 EP 1,
9313732,93.137 ms,USB packet,Packets,Packet: NAK,NAK,
9318617,93.186 ms,USB packet,Packets,Packet: IN,IN ADDR 43 EP 1,
9318933,93.189 ms,USB packet,Packets,Packet: NAK,NAK,
9328680,93.287 ms,USB packet,Packets,Packet: SOF,SOF 1329,
9329000,93.290 ms,USB packet,Packets,Packet: IN,IN ADDR 43 EP 1,
9329315,93.293 ms,USB packet,Packets,Packet: NAK,NAK,
9333517,93.335 ms,USB packet,Packets,Packet: IN,IN ADDR 43 EP 1,
9333833,93.338 ms,USB packet,Packets,Packet: NAK,NAK,
9337917,93.379 ms,USB packet,Packets,Packet: IN,IN ADDR 43 EP 1,
9338232,93.382 ms,USB packet,Packets,Packet: NAK,NAK,
9343517,93.435 ms,USB packet,Packets,Packet: IN,IN ADDR 43 EP 1,
9343832,93.438 ms,USB packet,Packets,Packet: NAK,NAK,
9347917,93.479 ms,USB packet,Packets,Packet: IN,IN ADDR 43 EP 1,
9348232,93.482 ms,USB packet,Packets,Packet: NAK,NAK,
9352317,93.523 ms,USB packet,Packets,Packet: IN,IN ADDR 43 EP 1,
9352632,93.526 ms,USB packet,Packets,Packet: NAK,NAK,
9356717,93.567 ms,USB packet,Packets,Packet: IN,IN ADDR 43 EP 1,
9357033,93.570 ms,USB packet,Packets,Packet: NAK,NAK,
9361117,93.611 ms,USB packet,Packets,Packet: IN,IN ADDR 43 EP 1,
9361432,93.614 ms,USB packet,Packets,Packet: NAK,NAK,
9365517,93.655 ms,USB packet,Packets,Packet: IN,IN ADDR 43 EP 1,
9365832,93.658 ms,USB packet,Packets,Packet: NAK,NAK,
9369917,93.699 ms,USB packet,Packets,Packet: IN,IN ADDR 43 EP 1,
9370232,93.702 ms,USB packet,Packets,Packet: NAK,NAK,
9374317,93.743 ms,USB packet,Packets,Packet: IN,IN ADDR 43 EP 1,
9374633,93.746 ms,USB packet,Packets,Packet: NAK,NAK,
9378942,93.789 ms,USB packet,Packets,Packet: IN,IN ADDR 43 EP 1,
9379258,93.793 ms,USB packet,Packets,Packet: NAK,NAK,
9383317,93.833 ms,USB packet,Packets,Packet: IN,IN ADDR 43 EP 1,
9383632,93.836 ms,USB packet,Packets,Packet: NAK,NAK,
9387717,93.877 ms,USB packet,Packets,Packet: IN,IN ADDR 43 EP 1,
9388032,93.880 ms,USB packet,Packets,Packet: NAK,NAK,
9392117,93.921 ms,USB packet,Packets,Packet: IN,IN ADDR 43 EP 1,
9392433,93.924 ms,USB packet,Packets,Packet: NAK,NAK,
9396517,93.965 ms,USB packet,Packets,Packet: IN,IN ADDR 43 EP 1,
9396832,93.968 ms,USB packet,Packets,Packet: NAK,NAK,
9400917,94.009 ms,USB packet,Packets,Packet: IN,IN ADDR 43 EP 1,
9401232,94.012 ms,USB packet,Packets,Packet: NAK,NAK,
9406117,94.061 ms,USB packet,Packets,Packet: IN,IN ADDR 43 EP 1,
9406433,94.064 ms,USB packet,Packets,Packet: NAK,NAK,
9410517,94.105 ms,USB packet,Packets,Packet: IN,IN ADDR 43 EP 1,
9410834,94.108 ms,USB packet,Packets,Packet: NAK,NAK,
9414917,94.149 ms,USB packet,Packets,Packet: IN,IN ADDR 43 EP 1,
9415232,94.152 ms,USB packet,Packets,Packet: NAK,NAK,
9419317,94.193 ms,USB packet,Packets,Packet: IN,IN ADDR 43 EP 1,
9419633,94.196 ms,USB packet,Packets,Packet: NAK,NAK,
9428681,94.287 ms,USB packet,Packets,Packet: SOF,SOF 1330,
9429001,94.290 ms,USB packet,Packets,Packet: IN,IN ADDR 43 EP 1,
9429316,94.293 ms,USB packet,Packets,Packet: NAK,NAK,
9432417,94.324 ms,USB packet,Packets,Packet: IN,IN ADDR 43 EP 1,
9432732,94.327 ms,USB packet,Packets,Packet: NAK,NAK,
9436817,94.368 ms,USB packet,Packets,Packet: IN,IN ADDR 43 EP 1,
9437133,94.371 ms,USB packet,Packets,Packet: NAK,NAK,
9441442,94.414 ms,USB packet,Packets,Packet: IN,IN ADDR 43 EP 1,
9441758,94.418 ms,USB packet,Packets,Packet: NAK,NAK,
9445817,94.458 ms,USB packet,Packets,Packet: IN,IN ADDR 43 EP 1,
9446133,94.461 ms,USB packet,Packets,Packet: NAK,NAK,
9450217,94.502 ms,USB packet,Packets,Packet: IN,IN ADDR 43 EP 1,
9450533,94.505 ms,USB packet,Packets,Packet: NAK,NAK,
9452601,94.526 ms,USB request,USB BULK IN,Bulk: Device-to-host,BULK in: [ 65 66 66 65 63 74 3A 66 6C 61 6E 67 65 72 0D 0A ] : ACK,
9452601,94.526 ms,USB packet,Packets,Packet: IN,IN ADDR 43 EP 2,
9452917,94.529 ms,USB packet,Packets,Packet: NAK,NAK,
9457184,94.572 ms,USB packet,Packets,Packet: IN,IN ADDR 43 EP 2,
9457502,94.575 ms,USB packet,Packets,Packet: NAK,NAK,
9457759,94.578 ms,USB packet,Packets,Packet: IN,IN ADDR 43 EP 1,
9458075,94.581 ms,USB packet,Packets,Packet: NAK,NAK,
9461818,94.618 ms,USB packet,Packets,Packet: IN,IN ADDR 43 EP 1,
9462134,94.621 ms,USB packet,Packets,Packet: NAK,NAK,
9462392,94.624 ms,USB packet,Packets,Packet: IN,IN ADDR 43 EP 2,
9462709,94.627 ms,USB packet,Packets,Packet: NAK,NAK,
9467184,94.672 ms,USB packet,Packets,Packet: IN,IN ADDR 43 EP 2,
9467501,94.675 ms,USB packet,Packets,Packet: NAK,NAK,
9467759,94.678 ms,USB packet,Packets,Packet: IN,IN ADDR 43 EP 1,
9468076,94.681 ms,USB packet,Packets,Packet: NAK,NAK,
9472026,94.720 ms,USB request,USB SETUP,Setup: Device-to-host,SETUP in: [ A1 21 00 00 02 00 07 00 ][ 00 00 00 00 00 00 00 ] : ACK,
9472026,94.720 ms,USB packet,Packets,Packet: SETUP,SETUP ADDR 43 EP 0,
9472351,94.724 ms,USB packet,Packets,Packet: DATA0,DATA0 [ A1 21 00 00 02 00 07 00 ],
9473201,94.732 ms,USB packet,Packets,Packet: ACK,ACK,
9473459,94.735 ms,USB packet,Packets,Packet: IN,IN ADDR 43 EP 1,
9473775,94.738 ms,USB packet,Packets,Packet: NAK,NAK,
9474534,94.745 ms,USB packet,Packets,Packet: IN,IN ADDR 43 EP 2,
9474851,94.749 ms,USB packet,Packets,Packet: NAK,NAK,
9476884,94.769 ms,USB packet,Packets,Packet: IN,IN ADDR 43 EP 0,
9477200,94.772 ms,USB packet,Packets,Packet: DATA1,DATA1 [ 00 00 00 00 00 00 00 ],
9478009,94.780 ms,USB packet,Packets,Packet: ACK,ACK,
9478243,94.782 ms,USB packet,Packets,Packet: IN,IN ADDR 43 EP 1,
9478557,94.786 ms,USB packet,Packets,Packet: NAK,NAK,
9479959,94.800 ms,USB packet,Packets,Packet: IN,IN ADDR 43 EP 2,
9480277,94.803 ms,USB packet,Packets,Packet: NAK,NAK,
9480543,94.805 ms,USB packet,Packets,Packet: OUT,OUT ADDR 43 EP 0,
9480868,94.809 ms,USB packet,Packets,Packet: DATA1,DATA1 [ ],
9481185,94.812 ms,USB packet,Packets,Packet: ACK,ACK,
9482526,94.825 ms,USB packet,Packets,Packet: IN,IN ADDR 43 EP 1,
9482841,94.828 ms,USB packet,Packets,Packet: NAK,NAK,
9484476,94.845 ms,USB packet,Packets,Packet: IN,IN ADDR 43 EP 2,
9484792,94.848 ms,USB packet,Packets,Packet: NAK,NAK,
9488984,94.890 ms,USB packet,Packets,Packet: IN,IN ADDR 43 EP 2,
9489300,94.893 ms,USB packet,Packets,Packet: NAK,NAK,
9489559,94.896 ms,USB packet,Packets,Packet: IN,IN ADDR 43 EP 1,
9489875,94.899 ms,USB packet,Packets,Packet: NAK,NAK,
9493826,94.938 ms,USB request,USB SETUP,Setup: Device-to-host,SETUP in: [ A1 21 00 00 02 00 07 00 ][ 00 00 00 00 00 00 00 ] : ACK,
9493826,94.938 ms,USB packet,Packets,Packet: SETUP,SETUP ADDR 43 EP 0,
9494151,94.942 ms,USB packet,Packets,Packet: DATA0,DATA0 [ A1 21 00 00 02 00 07 00 ],
9495001,94.950 ms,USB packet,Packets,Packet: ACK,ACK,
9495259,94.953 ms,USB packet,Packets,Packet: IN,IN ADDR 43 EP 1,
9495575,94.956 ms,USB packet,Packets,Packet: NAK,NAK,
9496334,94.963 ms,USB packet,Packets,Packet: IN,IN ADDR 43 EP 2,
9496650,94.966 ms,USB packet,Packets,Packet: NAK,NAK,
9498543,94.985 ms,USB packet,Packets,Packet: IN,IN ADDR 43 EP 0,
9498858,94.989 ms,USB packet,Packets,Packet: DATA1,DATA1 [ 00 00 00 00 00 00 00 ],
9499668,94.997 ms,USB packet,Packets,Packet: ACK,ACK,
9499901,94.999 ms,USB packet,Packets,Packet: IN,IN ADDR 43 EP 1,
9500217,95.002 ms,USB packet,Packets,Packet: NAK,NAK,
9501209,95.012 ms,USB packet,Packets,Packet: IN,IN ADDR 43 EP 2,
9501526,95.015 ms,USB packet,Packets,Packet: NAK,NAK,
9504059,95.041 ms,USB packet,Packets,Packet: OUT,OUT ADDR 43 EP 0,
9504384,95.044 ms,USB packet,Packets,Packet: DATA1,DATA1 [ ],
9504702,95.047 ms,USB packet,Packets,Packet: ACK,ACK,
9504959,95.050 ms,USB packet,Packets,Packet: IN,IN ADDR 43 EP 1,
9505275,95.053 ms,USB packet,Packets,Packet: NAK,NAK,
9506568,95.066 ms,USB packet,Packets,Packet: IN,IN ADDR 43 EP 2,
9506885,95.069 ms,USB packet,Packets,Packet: NAK,NAK,
9508876,95.089 ms,USB packet,Packets,Packet: IN,IN ADDR 43 EP 1,
9509192,95.092 ms,USB packet,Packets,Packet: NAK,NAK,
9510976,95.110 ms,USB packet,Packets,Packet: IN,IN ADDR 43 EP 2,
9511292,95.113 ms,USB packet,Packets,Packet: NAK,NAK,
9513376,95.134 ms,USB packet,Packets,Packet: IN,IN ADDR 43 EP 1,
9513692,95.137 ms,USB packet,Packets,Packet: NAK,NAK,
9515526,95.155 ms,USB request,USB SETUP,Setup: Device-to-host,SETUP in: [ A1 21 00 00 02 00 07 00 ][ 00 00 00 00 00 00 00 ] : ACK,
9515526,95.155 ms,USB packet,Packets,Packet: SETUP,SETUP ADDR 43 EP 0,
9515851,95.159 ms,USB packet,Packets,Packet: DATA0,DATA0 [ A1 21 00 00 02 00 07 00 ],
9516701,95.167 ms,USB packet,Packets,Packet: ACK,ACK,
9516968,95.170 ms,USB packet,Packets,Packet: IN,IN ADDR 43 EP 2,
9517285,95.173 ms,USB packet,Packets,Packet: NAK,NAK,
9518035,95.180 ms,USB packet,Packets,Packet: IN,IN ADDR 43 EP 0,
9518350,95.184 ms,USB packet,Packets,Packet: DATA1,DATA1 [ 00 00 00 00 00 00 00 ],
9519159,95.192 ms,USB packet,Packets,Packet: ACK,ACK,
9520785,95.208 ms,USB packet,Packets,Packet: OUT,OUT ADDR 43 EP 0,
9521110,95.211 ms,USB packet,Packets,Packet: DATA1,DATA1 [ ],
9521427,95.214 ms,USB packet,Packets,Packet: ACK,ACK,
9521693,95.217 ms,USB packet,Packets,Packet: IN,IN ADDR 43 EP 1,
9522008,95.220 ms,USB packet,Packets,Packet: NAK,NAK,
9528675,95.287 ms,USB packet,Packets,Packet: SOF,SOF 1331,
9528993,95.290 ms,USB packet,Packets,Packet: IN,IN ADDR 43 EP 2,
9529310,95.293 ms,USB packet,Packets,Packet: NAK,NAK,
9529576,95.296 ms,USB packet,Packets,Packet: IN,IN ADDR 43 EP 1,
9529891,95.299 ms,USB packet,Packets,Packet: NAK,NAK,
9532226,95.322 ms,USB request,USB SETUP,Setup: Device-to-host,SETUP in: [ A1 21 00 00 02 00 07 00 ][ 00 00 00 00 00 00 00 ] : ACK,
9532226,95.322 ms,USB packet,Packets,Packet: SETUP,SETUP ADDR 43 EP 0,
9532551,95.326 ms,USB packet,Packets,Packet: DATA0,DATA0 [ A1 21 00 00 02 00 07 00 ],
9533401,95.334 ms,USB packet,Packets,Packet: ACK,ACK,
9533660,95.337 ms,USB packet,Packets,Packet: IN,IN ADDR 43 EP 2,
9533977,95.340 ms,USB packet,Packets,Packet: NAK,NAK,
9534735,95.347 ms,USB packet,Packets,Packet: IN,IN ADDR 43 EP 0,
9535050,95.351 ms,USB packet,Packets,Packet: DATA1,DATA1 [ 00 00 00 00 00 00 00 ],
9535860,95.359 ms,USB packet,Packets,Packet: ACK,ACK,
9537176,95.372 ms,USB packet,Packets,Packet: IN,IN ADDR 43 EP 1,
9537491,95.375 ms,USB packet,Packets,Packet: NAK,NAK,
9537760,95.378 ms,USB packet,Packets,Packet: IN,IN ADDR 43 EP 2,
9538077,95.381 ms,USB packet,Packets,Packet: NAK,NAK,
9539785,95.398 ms,USB packet,Packets,Packet: OUT,OUT ADDR 43 EP 0,
9540110,95.401 ms,USB packet,Packets,Packet: DATA1,DATA1 [ ],
9540425,95.404 ms,USB packet,Packets,Packet: ACK,ACK,
9540693,95.407 ms,USB packet,Packets,Packet: IN,IN ADDR 43 EP 1,
9541009,95.410 ms,USB packet,Packets,Packet: NAK,NAK,
9542293,95.423 ms,USB packet,Packets,Packet: IN,IN ADDR 43 EP 2,
9542611,95.426 ms,USB packet,Packets,Packet: NAK,NAK,
9544643,95.446 ms,USB packet,Packets,Packet: IN,IN ADDR 43 EP 1,
9544959,95.450 ms,USB packet,Packets,Packet: NAK,NAK,
9546776,95.468 ms,USB packet,Packets,Packet: IN,IN ADDR 43 EP 2,
9547092,95.471 ms,USB packet,Packets,Packet: NAK,NAK,
9549176,95.492 ms,USB packet,Packets,Packet: IN,IN ADDR 43 EP 1,
9549492,95.495 ms,USB packet,Packets,Packet: NAK,NAK,
9551276,95.513 ms,USB packet,Packets,Packet: IN,IN ADDR 43 EP 2,
9551592,95.516 ms,USB packet,Packets,Packet: NAK,NAK,
9554076,95.541 ms,USB request,USB SETUP,Setup: Host-to-device,SETUP out: [ 21 20 00 00 02 00 07 00 ][ 80 25 00 00 00 00 00 ] : ACK,
9554076,95.541 ms,USB packet,Packets,Packet: SETUP,SETUP ADDR 43 EP 0,
9554401,95.544 ms,USB packet,Packets,Packet: DATA0,DATA0 [ 21 20 00 00 02 00 07 00 ],
9555250,95.552 ms,USB packet,Packets,Packet: ACK,ACK,
9555510,95.555 ms,USB packet,Packets,Packet: IN,IN ADDR 43 EP 1,
9555826,95.558 ms,USB packet,Packets,Packet: NAK,NAK,
9556576,95.566 ms,USB packet,Packets,Packet: IN,IN ADDR 43 EP 2,
9556893,95.569 ms,USB packet,Packets,Packet: NAK,NAK,
9558726,95.587 ms,USB packet,Packets,Packet: OUT,OUT ADDR 43 EP 0,
9559051,95.591 ms,USB packet,Packets,Packet: DATA1,DATA1 [ 80 25 00 00 00 00 00 ],
9559835,95.598 ms,USB packet,Packets,Packet: ACK,ACK,
9560093,95.601 ms,USB packet,Packets,Packet: IN,IN ADDR 43 EP 1,
9560409,95.604 ms,USB packet,Packets,Packet: NAK,NAK,
9561143,95.611 ms,USB packet,Packets,Packet: IN,IN ADDR 43 EP 2,
9561460,95.615 ms,USB packet,Packets,Packet: NAK,NAK,
9563735,95.637 ms,USB packet,Packets,Packet: IN,IN ADDR 43 EP 1,
9564050,95.641 ms,USB packet,Packets,Packet: NAK,NAK,
9564310,95.643 ms,USB packet,Packets,Packet: IN,IN ADDR 43 EP 0,
9564625,95.646 ms,USB packet,Packets,Packet: DATA1,DATA1 [ ],
9564968,95.650 ms,USB packet,Packets,Packet: ACK,ACK,
9566718,95.667 ms,USB packet,Packets,Packet: IN,IN ADDR 43 EP 2,
9567034,95.670 ms,USB packet,Packets,Packet: NAK,NAK,
9568776,95.688 ms,USB packet,Packets,Packet: IN,IN ADDR 43 EP 1,
9569091,95.691 ms,USB packet,Packets,Packet: NAK,NAK,
9571293,95.713 ms,USB packet,Packets,Packet: IN,IN ADDR 43 EP 2,
9571609,95.716 ms,USB packet,Packets,Packet: NAK,NAK,
9573377,95.734 ms,USB packet,Packets,Packet: IN,IN ADDR 43 EP 1,
9573693,95.737 ms,USB packet,Packets,Packet: NAK,NAK,
9574643,95.746 ms,USB request,USB SETUP,Setup: Device-to-host,SETUP in: [ A1 21 00 00 02 00 07 00 ][ 80 25 00 00 00 00 00 ] : ACK,
9574643,95.746 ms,USB packet,Packets,Packet: SETUP,SETUP ADDR 43 EP 0,
9574968,95.750 ms,USB packet,Packets,Packet: DATA0,DATA0 [ A1 21 00 00 02 00 07 00 ],
9575817,95.758 ms,USB packet,Packets,Packet: ACK,ACK,
9576077,95.761 ms,USB packet,Packets,Packet: IN,IN ADDR 43 EP 2,
9576392,95.764 ms,USB packet,Packets,Packet: NAK,NAK,
9577852,95.779 ms,USB packet,Packets,Packet: IN,IN ADDR 43 EP 0,
9578167,95.782 ms,USB packet,Packets,Packet: DATA1,DATA1 [ 80 25 00 00 00 00 00 ],
9578968,95.790 ms,USB packet,Packets,Packet: ACK,ACK,
9579202,95.792 ms,USB packet,Packets,Packet: IN,IN ADDR 43 EP 1,
9579516,95.795 ms,USB packet,Packets,Packet: NAK,NAK,
9580477,95.805 ms,USB packet,Packets,Packet: OUT,OUT ADDR 43 EP 0,
9580802,95.808 ms,USB packet,Packets,Packet: DATA1,DATA1 [ ],
9581117,95.811 ms,USB packet,Packets,Packet: ACK,ACK,
9582435,95.824 ms,USB packet,Packets,Packet: IN,IN ADDR 43 EP 2,
9582752,95.828 ms,USB packet,Packets,Packet: NAK,NAK,
9584418,95.844 ms,USB packet,Packets,Packet: IN,IN ADDR 43 EP 1,
9584734,95.847 ms,USB packet,Packets,Packet: NAK,NAK,
9588818,95.888 ms,USB packet,Packets,Packet: IN,IN ADDR 43 EP 1,
9589134,95.891 ms,USB packet,Packets,Packet: NAK,NAK,
9589393,95.894 ms,USB packet,Packets,Packet: IN,IN ADDR 43 EP 2,
9589709,95.897 ms,USB packet,Packets,Packet: NAK,NAK,
9593693,95.937 ms,USB request,USB SETUP,Setup: Host-to-device,SETUP out: [ 21 22 03 00 02 00 00 00 ][ ] : ACK,
9593693,95.937 ms,USB packet,Packets,Packet: SETUP,SETUP ADDR 43 EP 0,
9594018,95.940 ms,USB packet,Packets,Packet: DATA0,DATA0 [ 21 22 03 00 02 00 00 00 ],
9594876,95.949 ms,USB packet,Packets,Packet: ACK,ACK,
9595143,95.951 ms,USB packet,Packets,Packet: IN,IN ADDR 43 EP 1,
9595459,95.955 ms,USB packet,Packets,Packet: NAK,NAK,
9596202,95.962 ms,USB packet,Packets,Packet: IN,IN ADDR 43 EP 2,
9596519,95.965 ms,USB packet,Packets,Packet: NAK,NAK,
9598510,95.985 ms,USB packet,Packets,Packet: IN,IN ADDR 43 EP 0,
9598826,95.988 ms,USB packet,Packets,Packet: DATA1,DATA1 [ ],
9599168,95.992 ms,USB packet,Packets,Packet: ACK,ACK,
9599393,95.994 ms,USB packet,Packets,Packet: IN,IN ADDR 43 EP 1,
9599709,95.997 ms,USB packet,Packets,Packet: NAK,NAK,
9601077,96.011 ms,USB packet,Packets,Packet: IN,IN ADDR 43 EP 2,
9601393,96.014 ms,USB packet,Packets,Packet: NAK,NAK,
9604027,96.040 ms,USB packet,Packets,Packet: IN,IN ADDR 43 EP 1,
9604343,96.043 ms,USB packet,Packets,Packet: NAK,NAK,
9606177,96.062 ms,USB packet,Packets,Packet: IN,IN ADDR 43 EP 2,
9606493,96.065 ms,USB packet,Packets,Packet: NAK,NAK,
9608577,96.086 ms,USB packet,Packets,Packet: IN,IN ADDR 43 EP 1,
9608893,96.089 ms,USB packet,Packets,Packet: NAK,NAK,
9610743,96.107 ms,USB request,USB SETUP,Setup: Host-to-device,SETUP out: [ 21 20 00 00 02 00 07 00 ][ 80 25 00 00 00 00 08 ] : ACK,
9610743,96.107 ms,USB packet,Packets,Packet: SETUP,SETUP ADDR 43 EP 0,
9611068,96.111 ms,USB packet,Packets,Packet: DATA0,DATA0 [ 21 20 00 00 02 00 07 00 ],
9611919,96.119 ms,USB packet,Packets,Packet: ACK,ACK,
9612177,96.122 ms,USB packet,Packets,Packet: IN,IN ADDR 43 EP 2,
9612494,96.125 ms,USB packet,Packets,Packet: NAK,NAK,
9613293,96.133 ms,USB packet,Packets,Packet: OUT,OUT ADDR 43 EP 0,
9613618,96.136 ms,USB packet,Packets,Packet: DATA1,DATA1 [ 80 25 00 00 00 00 08 ],
9614401,96.144 ms,USB packet,Packets,Packet: ACK,ACK,
9616385,96.164 ms,USB packet,Packets,Packet: IN,IN ADDR 43 EP 1,
9616702,96.167 ms,USB packet,Packets,Packet: NAK,NAK,
9616960,96.170 ms,USB packet,Packets,Packet: IN,IN ADDR 43 EP 2,
9617276,96.173 ms,USB packet,Packets,Packet: NAK,NAK,
9619152,96.192 ms,USB packet,Packets,Packet: IN,IN ADDR 43 EP 0,
9619467,96.195 ms,USB packet,Packets,Packet: DATA1,DATA1 [ ],
9619810,96.198 ms,USB packet,Packets,Packet: ACK,ACK,
9620043,96.200 ms,USB packet,Packets,Packet: IN,IN ADDR 43 EP 1,
9620359,96.204 ms,USB packet,Packets,Packet: NAK,NAK,
9621718,96.217 ms,USB packet,Packets,Packet: IN,IN ADDR 43 EP 2,
9622035,96.220 ms,USB packet,Packets,Packet: NAK,NAK,
9628679,96.287 ms,USB packet,Packets,Packet: SOF,SOF 1332,
9629002,96.290 ms,USB packet,Packets,Packet: IN,IN ADDR 43 EP 1,
9629318,96.293 ms,USB packet,Packets,Packet: NAK,NAK,
9629577,96.296 ms,USB packet,Packets,Packet: IN,IN ADDR 43 EP 2,
9629893,96.299 ms,USB packet,Packets,Packet: NAK,NAK,
9631510,96.315 ms,USB request,USB SETUP,Setup: Device-to-host,SETUP in: [ A1 21 00 00 02 00 07 00 ][ 80 25 00 00 00 00 08 ] : ACK,
9631510,96.315 ms,USB packet,Packets,Packet: SETUP,SETUP ADDR 43 EP 0,
9631835,96.318 ms,USB packet,Packets,Packet: DATA0,DATA0 [ A1 21 00 00 02 00 07 00 ],
9632684,96.327 ms,USB packet,Packets,Packet: ACK,ACK,
9632944,96.329 ms,USB packet,Packets,Packet: IN,IN ADDR 43 EP 1,
9633260,96.333 ms,USB packet,Packets,Packet: NAK,NAK,
9634019,96.340 ms,USB packet,Packets,Packet: IN,IN ADDR 43 EP 2,
9634336,96.343 ms,USB packet,Packets,Packet: NAK,NAK,
9636327,96.363 ms,USB packet,Packets,Packet: IN,IN ADDR 43 EP 0,
9636643,96.366 ms,USB packet,Packets,Packet: DATA1,DATA1 [ 80 25 00 00 00 00 08 ],
9637444,96.374 ms,USB packet,Packets,Packet: ACK,ACK,
9637677,96.377 ms,USB packet,Packets,Packet: IN,IN ADDR 43 EP 1,
9637992,96.380 ms,USB packet,Packets,Packet: NAK,NAK,
9638927,96.389 ms,USB packet,Packets,Packet: IN,IN ADDR 43 EP 2,
9639244,96.392 ms,USB packet,Packets,Packet: NAK,NAK,
9639510,96.395 ms,USB packet,Packets,Packet: OUT,OUT ADDR 43 EP 0,
9639835,96.398 ms,USB packet,Packets,Packet: DATA1,DATA1 [ ],
9640152,96.402 ms,USB packet,Packets,Packet: ACK,ACK,
9641669,96.417 ms,USB packet,Packets,Packet: IN,IN ADDR 43 EP 1,
9641984,96.420 ms,USB packet,Packets,Packet: NAK,NAK,
9643677,96.437 ms,USB packet,Packets,Packet: IN,IN ADDR 43 EP 2,
9643994,96.440 ms,USB packet,Packets,Packet: NAK,NAK,
9646194,96.462 ms,USB packet,Packets,Packet: IN,IN ADDR 43 EP 1,
9646509,96.465 ms,USB packet,Packets,Packet: NAK,NAK,
9648277,96.483 ms,USB packet,Packets,Packet: IN,IN ADDR 43 EP 2,
9648594,96.486 ms,USB packet,Packets,Packet: NAK,NAK,
9650677,96.507 ms,USB packet,Packets,Packet: IN,IN ADDR 43 EP 1,
9650992,96.510 ms,USB packet,Packets,Packet: NAK,NAK,
9652777,96.528 ms,USB packet,Packets,Packet: IN,IN ADDR 43 EP 2,
9653093,96.531 ms,USB packet,Packets,Packet: NAK,NAK,
9657285,96.573 ms,USB packet,Packets,Packet: IN,IN ADDR 43 EP 2,
9657603,96.576 ms,USB packet,Packets,Packet: NAK,NAK,
9657860,96.579 ms,USB packet,Packets,Packet: IN,IN ADDR 43 EP 1,
9658176,96.582 ms,USB packet,Packets,Packet: NAK,NAK,
9661919,96.619 ms,USB packet,Packets,Packet: IN,IN ADDR 43 EP 1,
9662235,96.622 ms,USB packet,Packets,Packet: NAK,NAK,
9662494,96.625 ms,USB packet,Packets,Packet: IN,IN ADDR 43 EP 2,
9662810,96.628 ms,USB packet,Packets,Packet: NAK,NAK,
9666585,96.666 ms,USB packet,Packets,Packet: IN,IN ADDR 43 EP 2,
9666902,96.669 ms,USB packet,Packets,Packet: NAK,NAK,
9667160,96.672 ms,USB packet,Packets,Packet: IN,IN ADDR 43 EP 1,
9667475,96.675 ms,USB packet,Packets,Packet: NAK,NAK,
9671219,96.712 ms,USB packet,Packets,Packet: IN,IN ADDR 43 EP 1,
9671535,96.715 ms,USB packet,Packets,Packet: NAK,NAK,
9671794,96.718 ms,USB packet,Packets,Packet: IN,IN ADDR 43 EP 2,
9672110,96.721 ms,USB packet,Packets,Packet: NAK,NAK,
9675877,96.759 ms,USB packet,Packets,Packet: IN,IN ADDR 43 EP 2,
9676193,96.762 ms,USB packet,Packets,Packet: NAK,NAK,
9676460,96.765 ms,USB packet,Packets,Packet: IN,IN ADDR 43 EP 1,
9676777,96.768 ms,USB packet,Packets,Packet: NAK,NAK,
9681219,96.812 ms,USB packet,Packets,Packet: IN,IN ADDR 43 EP 1,
9681535,96.815 ms,USB packet,Packets,Packet: NAK,NAK,
9681794,96.818 ms,USB packet,Packets,Packet: IN,IN ADDR 43 EP 2,
9682110,96.821 ms,USB packet,Packets,Packet: NAK,NAK,
9685877,96.859 ms,USB packet,Packets,Packet: IN,IN ADDR 43 EP 2,
9686193,96.862 ms,USB packet,Packets,Packet: NAK,NAK,
9686461,96.865 ms,USB packet,Packets,Packet: IN,IN ADDR 43 EP 1,
9686777,96.868 ms,USB packet,Packets,Packet: NAK,NAK,
9690519,96.905 ms,USB packet,Packets,Packet: IN,IN ADDR 43 EP 1,
9690834,96.908 ms,USB packet,Packets,Packet: NAK,NAK,
9691386,96.914 ms,USB packet,Packets,Packet: IN,IN ADDR 43 EP 2,
9691703,96.917 ms,USB packet,Packets,Packet: NAK,NAK,
9696177,96.962 ms,USB packet,Packets,Packet: IN,IN ADDR 43 EP 2,
9696494,96.965 ms,USB packet,Packets,Packet: NAK,NAK,
9696761,96.968 ms,USB packet,Packets,Packet: IN,IN ADDR 43 EP 1,
9697076,96.971 ms,USB packet,Packets,Packet: NAK,NAK,
9700819,97.008 ms,USB packet,Packets,Packet: IN,IN ADDR 43 EP 1,
9701134,97.011 ms,USB packet,Packets,Packet: NAK,NAK,
9701394,97.014 ms,USB packet,Packets,Packet: IN,IN ADDR 43 EP 2,
9701711,97.017 ms,USB packet,Packets,Packet: NAK,NAK,
9706177,97.062 ms,USB packet,Packets,Packet: IN,IN ADDR 43 EP 2,
9706494,97.065 ms,USB packet,Packets,Packet: NAK,NAK,
9706761,97.068 ms,USB packet,Packets,Packet: IN,IN ADDR 43 EP 1,
9707075,97.071 ms,USB packet,Packets,Packet: NAK,NAK,
9710819,97.108 ms,USB packet,Packets,Packet: IN,IN ADDR 43 EP 1,
9711134,97.111 ms,USB packet,Packets,Packet: NAK,NAK,
9711394,97.114 ms,USB packet,Packets,Packet: IN,IN ADDR 43 EP 2,
9711711,97.117 ms,USB packet,Packets,Packet: NAK,NAK,
9715477,97.155 ms,USB packet,Packets,Packet: IN,IN ADDR 43 EP 2,
9715795,97.158 ms,USB packet,Packets,Packet: NAK,NAK,
9716386,97.164 ms,USB packet,Packets,Packet: IN,IN ADDR 43 EP 1,
9716701,97.167 ms,USB packet,Packets,Packet: NAK,NAK,
9720819,97.208 ms,USB packet,Packets,Packet: IN,IN ADDR 43 EP 1,
9721135,97.211 ms,USB packet,Packets,Packet: NAK,NAK,
9721394,97.214 ms,USB packet,Packets,Packet: IN,IN ADDR 43 EP 2,
9721710,97.217 ms,USB packet,Packets,Packet: NAK,NAK,
9728679,97.287 ms,USB packet,Packets,Packet: SOF,SOF 1333,
9729002,97.290 ms,USB packet,Packets,Packet: IN,IN ADDR 43 EP 2,
9729319,97.293 ms,USB packet,Packets,Packet: NAK,NAK,
9729577,97.296 ms,USB packet,Packets,Packet: IN,IN ADDR 43 EP 1,
9729894,97.299 ms,USB packet,Packets,Packet: NAK,NAK,
9732211,97.322 ms,USB packet,Packets,Packet: IN,IN ADDR 43 EP 2,
9732527,97.325 ms,USB packet,Packets,Packet: NAK,NAK,
9734753,97.348 ms,USB packet,Packets,Packet: IN,IN ADDR 43 EP 1,
9735068,97.351 ms,USB packet,Packets,Packet: NAK,NAK,
9736778,97.368 ms,USB packet,Packets,Packet: IN,IN ADDR 43 EP 2,
9737095,97.371 ms,USB packet,Packets,Packet: NAK,NAK,
9739294,97.393 ms,USB packet,Packets,Packet: IN,IN ADDR 43 EP 1,
9739611,97.396 ms,USB packet,Packets,Packet: NAK,NAK,
9741519,97.415 ms,USB packet,Packets,Packet: IN,IN ADDR 43 EP 2,
9741836,97.418 ms,USB packet,Packets,Packet: NAK,NAK,
9743978,97.440 ms,USB packet,Packets,Packet: IN,IN ADDR 43 EP 1,
9744294,97.443 ms,USB packet,Packets,Packet: NAK,NAK,
9746078,97.461 ms,USB packet,Packets,Packet: IN,IN ADDR 43 EP 2,
9746395,97.464 ms,USB packet,Packets,Packet: NAK,NAK,
9748478,97.485 ms,USB packet,Packets,Packet: IN,IN ADDR 43 EP 1,
9748793,97.488 ms,USB packet,Packets,Packet: NAK,NAK,
9750578,97.506 ms,USB packet,Packets,Packet: IN,IN ADDR 43 EP 2,
9750894,97.509 ms,USB packet,Packets,Packet: NAK,NAK,
9752978,97.530 ms,USB packet,Packets,Packet: IN,IN ADDR 43 EP 1,
9753294,97.533 ms,USB packet,Packets,Packet: NAK,NAK,
9757419,97.574 ms,USB packet,Packets,Packet: IN,IN ADDR 43 EP 1,
9757736,97.577 ms,USB packet,Packets,Packet: NAK,NAK,
9757994,97.580 ms,USB packet,Packets,Packet: IN,IN ADDR 43 EP 2,
9758311,97.583 ms,USB packet,Packets,Packet: NAK,NAK,
9762078,97.621 ms,USB packet,Packets,Packet: IN,IN ADDR 43 EP 2,
9762395,97.624 ms,USB packet,Packets,Packet: NAK,NAK,
9762661,97.627 ms,USB packet,Packets,Packet: IN,IN ADDR 43 EP 1,
9762976,97.630 ms,USB packet,Packets,Packet: NAK,NAK,
9766719,97.667 ms,USB packet,Packets,Packet: IN,IN ADDR 43 EP 1,
9767034,97.670 ms,USB packet,Packets,Packet: NAK,NAK,
9767294,97.673 ms,USB packet,Packets,Packet: IN,IN ADDR 43 EP 2,
9767611,97.676 ms,USB packet,Packets,Packet: NAK,NAK,
9771378,97.714 ms,USB packet,Packets,Packet: IN,IN ADDR 43 EP 2,
9771693,97.717 ms,USB packet,Packets,Packet: NAK,NAK,
9771961,97.720 ms,USB packet,Packets,Packet: IN,IN ADDR 43 EP 1,
9772277,97.723 ms,USB packet,Packets,Packet: NAK,NAK,
9776019,97.760 ms,USB packet,Packets,Packet: IN,IN ADDR 43 EP 1,
9776336,97.763 ms,USB packet,Packets,Packet: NAK,NAK,
9776594,97.766 ms,USB packet,Packets,Packet: IN,IN ADDR 43 EP 2,
9776911,97.769 ms,USB packet,Packets,Packet: NAK,NAK,
9781478,97.815 ms,USB packet,Packets,Packet: IN,IN ADDR 43 EP 2,
9781794,97.818 ms,USB packet,Packets,Packet: NAK,NAK,
9782061,97.821 ms,USB packet,Packets,Packet: IN,IN ADDR 43 EP 1,
9782377,97.824 ms,USB packet,Packets,Packet: NAK,NAK,
9786120,97.861 ms,USB packet,Packets,Packet: IN,IN ADDR 43 EP 1,
9786435,97.864 ms,USB packet,Packets,Packet: NAK,NAK,
9786694,97.867 ms,USB packet,Packets,Packet: IN,IN ADDR 43 EP 2,
9787010,97.870 ms,USB packet,Packets,Packet: NAK,NAK,
9791386,97.914 ms,USB packet,Packets,Packet: IN,IN ADDR 43 EP 2,
9791703,97.917 ms,USB packet,Packets,Packet: NAK,NAK,
9791961,97.920 ms,USB packet,Packets,Packet: IN,IN ADDR 43 EP 1,
9792276,97.923 ms,USB packet,Packets,Packet: NAK,NAK,
9796020,97.960 ms,USB packet,Packets,Packet: IN,IN ADDR 43 EP 1,
9796335,97.963 ms,USB packet,Packets,Packet: NAK,NAK,
9796595,97.966 ms,USB packet,Packets,Packet: IN,IN ADDR 43 EP 2,
9796912,97.969 ms,USB packet,Packets,Packet: NAK,NAK,
9800678,98.007 ms,USB packet,Packets,Packet: IN,IN ADDR 43 EP 2,
9800995,98.010 ms,USB packet,Packets,Packet: NAK,NAK,
9801261,98.013 ms,USB packet,Packets,Packet: IN,IN ADDR 43 EP 1,
9801576,98.016 ms,USB packet,Packets,Packet: NAK,NAK,
9806020,98.060 ms,USB packet,Packets,Packet: IN,IN ADDR 43 EP 1,
9806335,98.063 ms,USB packet,Packets,Packet: NAK,NAK,
9806595,98.066 ms,USB packet,Packets,Packet: IN,IN ADDR 43 EP 2,
9806912,98.069 ms,USB packet,Packets,Packet: NAK,NAK,
9810678,98.107 ms,USB packet,Packets,Packet: IN,IN ADDR 43 EP 2,
9810995,98.110 ms,USB packet,Packets,Packet: NAK,NAK,
9811261,98.113 ms,USB packet,Packets,Packet: IN,IN ADDR 43 EP 1,
9811577,98.116 ms,USB packet,Packets,Packet: NAK,NAK,
9815320,98.153 ms,USB packet,Packets,Packet: IN,IN ADDR 43 EP 1,
9815636,98.156 ms,USB packet,Packets,Packet: NAK,NAK,
9815895,98.159 ms,USB packet,Packets,Packet: IN,IN ADDR 43 EP 2,
9816211,98.162 ms,USB packet,Packets,Packet: NAK,NAK,
9819978,98.200 ms,USB packet,Packets,Packet: IN,IN ADDR 43 EP 2,
9820295,98.203 ms,USB packet,Packets,Packet: NAK,NAK,
9820561,98.206 ms,USB packet,Packets,Packet: IN,IN ADDR 43 EP 1,
9820876,98.209 ms,USB packet,Packets,Packet: NAK,NAK,
9828680,98.287 ms,USB packet,Packets,Packet: SOF,SOF 1334,
9829003,98.290 ms,USB packet,Packets,Packet: IN,IN ADDR 43 EP 1,
9829319,98.293 ms,USB packet,Packets,Packet: NAK,NAK,
9829578,98.296 ms,USB packet,Packets,Packet: IN,IN ADDR 43 EP 2,
9829894,98.299 ms,USB packet,Packets,Packet: NAK,NAK,
9833853,98.339 ms,USB packet,Packets,Packet: IN,IN ADDR 43 EP 2,
9834171,98.342 ms,USB packet,Packets,Packet: NAK,NAK,
9834428,98.344 ms,USB packet,Packets,Packet: IN,IN ADDR 43 EP 1,
9834744,98.347 ms,USB packet,Packets,Packet: NAK,NAK,
9838420,98.384 ms,USB packet,Packets,Packet: IN,IN ADDR 43 EP 1,
9838735,98.387 ms,USB packet,Packets,Packet: NAK,NAK,
9838995,98.390 ms,USB packet,Packets,Packet: IN,IN ADDR 43 EP 2,
9839312,98.393 ms,USB packet,Packets,Packet: NAK,NAK,
9843778,98.438 ms,USB packet,Packets,Packet: IN,IN ADDR 43 EP 2,
9844096,98.441 ms,USB packet,Packets,Packet: NAK,NAK,
9844361,98.444 ms,USB packet,Packets,Packet: IN,IN ADDR 43 EP 1,
9844677,98.447 ms,USB packet,Packets,Packet: NAK,NAK,
9848420,98.484 ms,USB packet,Packets,Packet: IN,IN ADDR 43 EP 1,
9848735,98.487 ms,USB packet,Packets,Packet: NAK,NAK,
9848995,98.490 ms,USB packet,Packets,Packet: IN,IN ADDR 43 EP 2,
9849312,98.493 ms,USB packet,Packets,Packet: NAK,NAK,
9854020,98.540 ms,USB packet,Packets,Packet: IN,IN ADDR 43 EP 2,
9854337,98.543 ms,USB packet,Packets,Packet: NAK,NAK,
9854595,98.546 ms,USB packet,Packets,Packet: IN,IN ADDR 43 EP 1,
9854910,98.549 ms,USB packet,Packets,Packet: NAK,NAK,
9858620,98.586 ms,USB packet,Packets,Packet: IN,IN ADDR 43 EP 1,
9858936,98.589 ms,USB packet,Packets,Packet: NAK,NAK,
9859195,98.592 ms,USB packet,Packets,Packet: IN,IN ADDR 43 EP 2,
9859511,98.595 ms,USB packet,Packets,Packet: NAK,NAK,
9861362,98.614 ms,USB request,USB BULK OUT,Bulk: Host-to-device,BULK out: [ 73 65 74 74 69 6E 67 73 0D ] : ACK,
9861362,98.614 ms,USB packet,Packets,Packet: OUT,OUT ADDR 43 EP 2,
9861687,98.617 ms,USB packet,Packets,Packet: DATA0,DATA0 [ 73 65 74 74 69 6E 67 73 0D ],
9862602,98.626 ms,USB packet,Packets,Packet: ACK,ACK,
9863378,98.634 ms,USB packet,Packets,Packet: IN,IN ADDR 43 EP 1,
9863695,98.637 ms,USB packet,Packets,Packet: NAK,NAK,
9863962,98.640 ms,USB packet,Packets,Packet: IN,IN ADDR 43 EP 2,
9864278,98.643 ms,USB packet,Packets,Packet: NAK,NAK,
9868920,98.689 ms,USB packet,Packets,Packet: IN,IN ADDR 43 EP 1,
9869237,98.692 ms,USB packet,Packets,Packet: NAK,NAK,
9869495,98.695 ms,USB packet,Packets,Packet: IN,IN ADDR 43 EP 2,
9869812,98.698 ms,USB packet,Packets,Packet: DATA0,DATA0 [ 65 66 66 65 63 74 3A 66 6C 61 6E 67 65 72 0D 0A ],
9871212,98.712 ms,USB packet,Packets,Packet: ACK,ACK,
9873478,98.735 ms,USB packet,Packets,Packet: IN,IN ADDR 43 EP 1,
9873794,98.738 ms,USB packet,Packets,Packet: NAK,NAK,
9877920,98.779 ms,USB packet,Packets,Packet: IN,IN ADDR 43 EP 1,
9878235,98.782 ms,USB packet,Packets,Packet: NAK,NAK,
9880578,98.806 ms,USB request,USB BULK IN,Bulk: Device-to-host,BULK in: [ 64 65 6C 61 79 3A 6F 66 66 0D 0A ] : ACK,
9880578,98.806 ms,USB packet,Packets,Packet: IN,IN ADDR 43 EP 2,
9880896,98.809 ms,USB packet,Packets,Packet: NAK,NAK,
9882378,98.824 ms,USB packet,Packets,Packet: IN,IN ADDR 43 EP 1,
9882694,98.827 ms,USB packet,Packets,Packet: NAK,NAK,
9886878,98.869 ms,USB packet,Packets,Packet: IN,IN ADDR 43 EP 2,
9887195,98.872 ms,USB packet,Packets,Packet: NAK,NAK,
9887462,98.875 ms,USB packet,Packets,Packet: IN,IN ADDR 43 EP 1,
9887777,98.878 ms,USB packet,Packets,Packet: NAK,NAK,
9891520,98.915 ms,USB packet,Packets,Packet: IN,IN ADDR 43 EP 1,
9891835,98.918 ms,USB packet,Packets,Packet: NAK,NAK,
9892095,98.921 ms,USB packet,Packets,Packet: IN,IN ADDR 43 EP 2,
9892412,98.924 ms,USB packet,Packets,Packet: NAK,NAK,
9896212,98.962 ms,USB packet,Packets,Packet: IN,IN ADDR 43 EP 2,
9896528,98.965 ms,USB packet,Packets,Packet: DATA1,DATA1 [ 64 65 6C 61 79 3A 6F 66 66 0D 0A ],
9897595,98.976 ms,USB packet,Packets,Packet: ACK,ACK,
9897828,98.978 ms,USB packet,Packets,Packet: IN,IN ADDR 43 EP 1,
9898144,98.981 ms,USB packet,Packets,Packet: NAK,NAK,
9901720,99.017 ms,USB packet,Packets,Packet: IN,IN ADDR 43 EP 1,
9902036,99.020 ms,USB packet,Packets,Packet: NAK,NAK,
9904487,99.045 ms,USB request,USB BULK IN,Bulk: Device-to-host,BULK in: [ 6F 63 74 61 76 65 3A 6F 66 66 0D 0A ] : ACK,
9904487,99.045 ms,USB packet,Packets,Packet: IN,IN ADDR 43 EP 2,
9904803,99.048 ms,USB packet,Packets,Packet: NAK,NAK,
9906179,99.062 ms,USB packet,Packets,Packet: IN,IN ADDR 43 EP 1,
9906495,99.065 ms,USB packet,Packets,Packet: NAK,NAK,
9910579,99.106 ms,USB packet,Packets,Packet: IN,IN ADDR 43 EP 2,
9910894,99.109 ms,USB packet,Packets,Packet: NAK,NAK,
9911162,99.112 ms,USB packet,Packets,Packet: IN,IN ADDR 43 EP 1,
9911478,99.115 ms,USB packet,Packets,Packet: NAK,NAK,
9915220,99.152 ms,USB packet,Packets,Packet: IN,IN ADDR 43 EP 1,
9915535,99.155 ms,USB packet,Packets,Packet: NAK,NAK,
9915795,99.158 ms,USB packet,Packets,Packet: IN,IN ADDR 43 EP 2,
9916112,99.161 ms,USB packet,Packets,Packet: NAK,NAK,
9919879,99.199 ms,USB packet,Packets,Packet: IN,IN ADDR 43 EP 2,
9920195,99.202 ms,USB packet,Packets,Packet: NAK,NAK,
9920462,99.205 ms,USB packet,Packets,Packet: IN,IN ADDR 43 EP 1,
9920778,99.208 ms,USB packet,Packets,Packet: NAK,NAK,
9928680,99.287 ms,USB packet,Packets,Packet: SOF,SOF 1335,
9929004,99.290 ms,USB packet,Packets,Packet: IN,IN ADDR 43 EP 1,
9929320,99.293 ms,USB packet,Packets,Packet: NAK,NAK,
9929579,99.296 ms,USB packet,Packets,Packet: IN,IN ADDR 43 EP 2,
9929895,99.299 ms,USB packet,Packets,Packet: DATA0,DATA0 [ 6F 63 74 61 76 65 3A 6F 66 66 0D 0A ],
9931037,99.310 ms,USB packet,Packets,Packet: ACK,ACK,
9933479,99.335 ms,USB packet,Packets,Packet: IN,IN ADDR 43 EP 1,
9933795,99.338 ms,USB packet,Packets,Packet: NAK,NAK,
9934062,99.341 ms,USB request,USB BULK IN,Bulk: Device-to-host,BULK in: [ 77 69 64 65 66 6C 61 6E 67 65 3A 6F 6E 0D 0A ] : ACK,
9934062,99.341 ms,USB packet,Packets,Packet: IN,IN ADDR 43 EP 2,
9934378,99.344 ms,USB packet,Packets,Packet: NAK,NAK,
9938479,99.385 ms,USB packet,Packets,Packet: IN,IN ADDR 43 EP 2,
9938796,99.388 ms,USB packet,Packets,Packet: NAK,NAK,
9939062,99.391 ms,USB packet,Packets,Packet: IN,IN ADDR 43 EP 1,
9939377,99.394 ms,USB packet,Packets,Packet: NAK,NAK,
9943712,99.437 ms,USB packet,Packets,Packet: IN,IN ADDR 43 EP 1,
9944028,99.440 ms,USB packet,Packets,Packet: NAK,NAK,
9944295,99.443 ms,USB packet,Packets,Packet: IN,IN ADDR 43 EP 2,
9944612,99.446 ms,USB packet,Packets,Packet: NAK,NAK,
9949179,99.492 ms,USB packet,Packets,Packet: IN,IN ADDR 43 EP 2,
9949496,99.495 ms,USB packet,Packets,Packet: NAK,NAK,
9949762,99.498 ms,USB packet,Packets,Packet: IN,IN ADDR 43 EP 1,
9950078,99.501 ms,USB packet,Packets,Packet: NAK,NAK,
9953954,99.540 ms,USB packet,Packets,Packet: IN,IN ADDR 43 EP 1,
9954269,99.543 ms,USB packet,Packets,Packet: NAK,NAK,
9954529,99.545 ms,USB packet,Packets,Packet: IN,IN ADDR 43 EP 2,
9954845,99.548 ms,USB packet,Packets,Packet: DATA1,DATA1 [ 77 69 64 65 66 6C 61 6E 67 65 3A 6F 6E 0D 0A ],
9956179,99.562 ms,USB packet,Packets,Packet: ACK,ACK,
9958479,99.585 ms,USB packet,Packets,Packet: IN,IN ADDR 43 EP 1,
9958795,99.588 ms,USB packet,Packets,Packet: NAK,NAK,
9962912,99.629 ms,USB packet,Packets,Packet: IN,IN ADDR 43 EP 1,
9963227,99.632 ms,USB packet,Packets,Packet: NAK,NAK,
9965221,99.652 ms,USB request,USB BULK IN,Bulk: Device-to-host,BULK in: [ 6C 66 6F 53 70 65 65 64 3A 20 32 37 32 30 0D 0A ] : ACK,
9965221,99.652 ms,USB packet,Packets,Packet: IN,IN ADDR 43 EP 2,
9965538,99.655 ms,USB packet,Packets,Packet: NAK,NAK,
9969779,99.698 ms,USB packet,Packets,Packet: IN,IN ADDR 43 EP 2,
9970095,99.701 ms,USB packet,Packets,Packet: NAK,NAK,
9970362,99.704 ms,USB packet,Packets,Packet: IN,IN ADDR 43 EP 1,
9970678,99.707 ms,USB packet,Packets,Packet: NAK,NAK,
9975504,99.755 ms,USB packet,Packets,Packet: IN,IN ADDR 43 EP 1,
9975819,99.758 ms,USB packet,Packets,Packet: NAK,NAK,
9976079,99.761 ms,USB packet,Packets,Packet: IN,IN ADDR 43 EP 2,
9976396,99.764 ms,USB packet,Packets,Packet: NAK,NAK,
9981079,99.811 ms,USB packet,Packets,Packet: IN,IN ADDR 43 EP 2,
9981395,99.814 ms,USB packet,Packets,Packet: NAK,NAK,
9981662,99.817 ms,USB packet,Packets,Packet: IN,IN ADDR 43 EP 1,
9981979,99.820 ms,USB packet,Packets,Packet: NAK,NAK,
9985712,99.857 ms,USB packet,Packets,Packet: IN,IN ADDR 43 EP 1,
9986028,99.860 ms,USB packet,Packets,Packet: NAK,NAK,
9986296,99.863 ms,USB packet,Packets,Packet: IN,IN ADDR 43 EP 2,
9986613,99.866 ms,USB packet,Packets,Packet: DATA0,DATA0 [ 6C 66 6F 53 70 65 65 64 3A 20 32 37 32 30 0D 0A ],
9988012,99.880 ms,USB packet,Packets,Packet: ACK,ACK,
9990179,99.902 ms,USB packet,Packets,Packet: IN,IN ADDR 43 EP 1,
9990495,99.905 ms,USB packet,Packets,Packet: NAK,NAK,
9994296,99.943 ms,USB packet,Packets,Packet: IN,IN ADDR 43 EP 2,
9994612,99.946 ms,USB packet,Packets,Packet: NAK,NAK,
9994879,99.949 ms,USB packet,Packets,Packet: IN,IN ADDR 43 EP 1,
9995195,99.952 ms,USB packet,Packets,Packet: NAK,NAK,
9999079,99.991 ms,USB packet,Packets,Packet: IN,IN ADDR 43 EP 2,
9999396,99.994 ms,USB packet,Packets,Packet: NAK,NAK,
9999662,99.997 ms,USB packet,Packets,Packet: IN,IN ADDR 43 EP 1,
